match_id,team1,team2,toss_winner,toss_decision,venue,winner,h2h_team1_win_pct,avg_runs_per_match,venue_win_pct_team1,venue_win_pct_team2,form_team1,form_team2,toss_winner_won
335982,Royal Challengers Bangalore,Kolkata Knight Riders,Royal Challengers Bangalore,field,M Chinnaswamy Stadium,Kolkata Knight Riders,43.75,311.74,47.54,54.55,50.0,50.0,0
335983,Kings XI Punjab,Chennai Super Kings,Chennai Super Kings,bat,"Punjab Cricket Association Stadium, Mohali",Chennai Super Kings,39.13,313.91,51.43,75.0,50.0,50.0,1
335984,Delhi Daredevils,Rajasthan Royals,Rajasthan Royals,bat,Feroz Shah Kotla,Delhi Daredevils,38.89,307.02,41.07,57.14,50.0,50.0,0
335985,Mumbai Indians,Royal Challengers Bangalore,Mumbai Indians,bat,Wankhede Stadium,Royal Challengers Bangalore,56.25,320.64,62.69,30.0,50.0,0.0,0
335986,Kolkata Knight Riders,Deccan Chargers,Deccan Chargers,bat,Eden Gardens,Kolkata Knight Riders,77.78,307.25,60.81,50.0,100.0,50.0,0
335987,Rajasthan Royals,Kings XI Punjab,Kings XI Punjab,bat,Sawai Mansingh Stadium,Rajasthan Royals,57.14,303.49,68.09,16.67,0.0,0.0,0
335988,Deccan Chargers,Delhi Daredevils,Deccan Chargers,bat,"Rajiv Gandhi International Stadium, Uppal",Delhi Daredevils,36.36,303.84,16.67,66.67,0.0,100.0,0
335989,Chennai Super Kings,Mumbai Indians,Mumbai Indians,field,"MA Chidambaram Stadium, Chepauk",Chennai Super Kings,45.95,318.27,70.21,50.0,100.0,0.0,0
335990,Deccan Chargers,Rajasthan Royals,Rajasthan Royals,field,"Rajiv Gandhi International Stadium, Uppal",Rajasthan Royals,22.22,303.84,16.67,50.0,0.0,50.0,1
335991,Kings XI Punjab,Mumbai Indians,Mumbai Indians,field,"Punjab Cricket Association Stadium, Mohali",Kings XI Punjab,46.15,313.91,51.43,50.0,0.0,0.0,0
335992,Royal Challengers Bangalore,Rajasthan Royals,Rajasthan Royals,field,M Chinnaswamy Stadium,Rajasthan Royals,55.56,311.74,47.54,50.0,50.0,66.67,1
335993,Chennai Super Kings,Kolkata Knight Riders,Kolkata Knight Riders,bat,"MA Chidambaram Stadium, Chepauk",Chennai Super Kings,65.52,318.27,70.21,28.57,100.0,100.0,0
335994,Mumbai Indians,Deccan Chargers,Deccan Chargers,field,Dr DY Patil Sports Academy,Deccan Chargers,60.0,282.94,71.43,33.33,0.0,0.0,1
335995,Kings XI Punjab,Delhi Daredevils,Delhi Daredevils,bat,"Punjab Cricket Association Stadium, Mohali",Kings XI Punjab,59.09,313.91,51.43,33.33,33.33,100.0,0
335996,Royal Challengers Bangalore,Chennai Super Kings,Chennai Super Kings,bat,M Chinnaswamy Stadium,Chennai Super Kings,33.33,311.74,47.54,57.14,33.33,100.0,1
335997,Kolkata Knight Riders,Mumbai Indians,Kolkata Knight Riders,bat,Eden Gardens,Mumbai Indians,32.35,307.25,60.81,76.92,66.67,0.0,0
335998,Delhi Daredevils,Royal Challengers Bangalore,Royal Challengers Bangalore,field,Feroz Shah Kotla,Delhi Daredevils,30.0,307.02,41.07,71.43,66.67,25.0,0
335999,Deccan Chargers,Kings XI Punjab,Kings XI Punjab,field,"Rajiv Gandhi International Stadium, Uppal",Kings XI Punjab,30.0,303.84,16.67,50.0,25.0,50.0,1
336000,Rajasthan Royals,Kolkata Knight Riders,Rajasthan Royals,bat,Sawai Mansingh Stadium,Rajasthan Royals,50.0,303.49,68.09,50.0,75.0,50.0,1
336001,Chennai Super Kings,Delhi Daredevils,Chennai Super Kings,bat,"MA Chidambaram Stadium, Chepauk",Delhi Daredevils,66.67,318.27,70.21,28.57,100.0,75.0,0
336003,Kings XI Punjab,Kolkata Knight Riders,Kings XI Punjab,bat,"Punjab Cricket Association Stadium, Mohali",Kings XI Punjab,33.33,313.91,51.43,50.0,60.0,40.0,1
336034,Royal Challengers Bangalore,Deccan Chargers,Deccan Chargers,field,M Chinnaswamy Stadium,Royal Challengers Bangalore,45.45,311.74,47.54,33.33,20.0,0.0,0
336004,Mumbai Indians,Delhi Daredevils,Delhi Daredevils,field,Dr DY Patil Sports Academy,Mumbai Indians,50.0,282.94,71.43,50.0,20.0,80.0,0
336005,Rajasthan Royals,Chennai Super Kings,Chennai Super Kings,bat,Sawai Mansingh Stadium,Rajasthan Royals,44.83,303.49,68.09,50.0,80.0,80.0,0
336006,Royal Challengers Bangalore,Kings XI Punjab,Kings XI Punjab,field,M Chinnaswamy Stadium,Kings XI Punjab,46.15,311.74,47.54,50.0,40.0,80.0,1
336007,Chennai Super Kings,Deccan Chargers,Deccan Chargers,field,"MA Chidambaram Stadium, Chepauk",Deccan Chargers,60.0,318.27,70.21,50.0,60.0,20.0,1
336008,Mumbai Indians,Rajasthan Royals,Mumbai Indians,field,Dr DY Patil Sports Academy,Mumbai Indians,51.72,282.94,71.43,50.0,40.0,100.0,1
336009,Delhi Daredevils,Chennai Super Kings,Chennai Super Kings,field,Feroz Shah Kotla,Chennai Super Kings,33.33,307.02,41.07,83.33,60.0,40.0,1
336010,Kolkata Knight Riders,Royal Challengers Bangalore,Kolkata Knight Riders,bat,Eden Gardens,Kolkata Knight Riders,56.25,307.25,60.81,40.0,20.0,20.0,1
336011,Rajasthan Royals,Deccan Chargers,Rajasthan Royals,field,Sawai Mansingh Stadium,Rajasthan Royals,77.78,303.49,68.09,50.0,80.0,40.0,1
336013,Chennai Super Kings,Kings XI Punjab,Kings XI Punjab,field,"MA Chidambaram Stadium, Chepauk",Chennai Super Kings,60.87,318.27,70.21,40.0,40.0,100.0,0
336014,Deccan Chargers,Kolkata Knight Riders,Kolkata Knight Riders,bat,"Rajiv Gandhi International Stadium, Uppal",Kolkata Knight Riders,22.22,303.84,16.67,66.67,40.0,20.0,1
336015,Rajasthan Royals,Delhi Daredevils,Rajasthan Royals,field,Sawai Mansingh Stadium,Rajasthan Royals,61.11,303.49,68.09,20.0,80.0,40.0,1
336016,Kings XI Punjab,Royal Challengers Bangalore,Royal Challengers Bangalore,bat,"Punjab Cricket Association Stadium, Mohali",Kings XI Punjab,53.85,313.91,51.43,40.0,80.0,20.0,0
336017,Kolkata Knight Riders,Delhi Daredevils,Kolkata Knight Riders,bat,Eden Gardens,Kolkata Knight Riders,61.9,307.25,60.81,12.5,40.0,40.0,1
336018,Mumbai Indians,Chennai Super Kings,Mumbai Indians,field,Wankhede Stadium,Mumbai Indians,54.05,320.64,62.69,50.0,80.0,40.0,1
336020,Delhi Daredevils,Deccan Chargers,Deccan Chargers,field,Feroz Shah Kotla,Delhi Daredevils,63.64,307.02,41.07,50.0,20.0,20.0,0
336021,Mumbai Indians,Kolkata Knight Riders,Mumbai Indians,field,Wankhede Stadium,Mumbai Indians,67.65,320.64,62.69,11.11,100.0,60.0,1
336022,Delhi Daredevils,Kings XI Punjab,Delhi Daredevils,bat,Feroz Shah Kotla,Kings XI Punjab,40.91,307.02,41.07,44.44,20.0,80.0,0
336023,Rajasthan Royals,Royal Challengers Bangalore,Royal Challengers Bangalore,field,Sawai Mansingh Stadium,Rajasthan Royals,44.44,303.49,68.09,42.86,60.0,20.0,0
336024,Deccan Chargers,Mumbai Indians,Deccan Chargers,field,"Rajiv Gandhi International Stadium, Uppal",Mumbai Indians,40.0,303.84,16.67,62.5,20.0,100.0,0
336025,Kolkata Knight Riders,Chennai Super Kings,Kolkata Knight Riders,bat,Eden Gardens,Chennai Super Kings,34.48,307.25,60.81,45.45,60.0,40.0,0
336026,Royal Challengers Bangalore,Delhi Daredevils,Delhi Daredevils,field,M Chinnaswamy Stadium,Delhi Daredevils,70.0,311.74,47.54,42.86,0.0,20.0,1
336027,Kolkata Knight Riders,Rajasthan Royals,Rajasthan Royals,field,Eden Gardens,Rajasthan Royals,50.0,307.25,60.81,22.22,60.0,60.0,1
336028,Mumbai Indians,Kings XI Punjab,Mumbai Indians,field,Wankhede Stadium,Kings XI Punjab,53.85,320.64,62.69,45.45,100.0,80.0,0
336029,Chennai Super Kings,Royal Challengers Bangalore,Royal Challengers Bangalore,bat,"MA Chidambaram Stadium, Chepauk",Royal Challengers Bangalore,66.67,318.27,70.21,25.0,60.0,0.0,1
336031,Kings XI Punjab,Deccan Chargers,Kings XI Punjab,field,"Punjab Cricket Association Stadium, Mohali",Kings XI Punjab,70.0,313.91,51.43,50.0,80.0,20.0,1
336032,Delhi Daredevils,Mumbai Indians,Delhi Daredevils,field,Feroz Shah Kotla,Delhi Daredevils,50.0,307.02,41.07,33.33,40.0,80.0,1
336033,Chennai Super Kings,Rajasthan Royals,Rajasthan Royals,bat,"MA Chidambaram Stadium, Chepauk",Rajasthan Royals,55.17,318.27,70.21,16.67,60.0,80.0,1
336002,Deccan Chargers,Royal Challengers Bangalore,Deccan Chargers,bat,"Rajiv Gandhi International Stadium, Uppal",Royal Challengers Bangalore,54.55,303.84,16.67,25.0,20.0,20.0,0
336035,Kolkata Knight Riders,Kings XI Punjab,Kings XI Punjab,bat,Eden Gardens,Kolkata Knight Riders,66.67,307.25,60.81,27.27,40.0,100.0,0
336036,Rajasthan Royals,Mumbai Indians,Rajasthan Royals,field,Sawai Mansingh Stadium,Rajasthan Royals,48.28,303.49,68.09,28.57,80.0,60.0,1
336037,Deccan Chargers,Chennai Super Kings,Deccan Chargers,bat,"Rajiv Gandhi International Stadium, Uppal",Chennai Super Kings,40.0,303.84,16.67,66.67,0.0,40.0,0
336012,Royal Challengers Bangalore,Mumbai Indians,Mumbai Indians,field,M Chinnaswamy Stadium,Mumbai Indians,43.75,311.74,47.54,80.0,20.0,60.0,1
336019,Kings XI Punjab,Rajasthan Royals,Rajasthan Royals,field,"Punjab Cricket Association Stadium, Mohali",Kings XI Punjab,42.86,313.91,51.43,50.0,80.0,80.0,0
336038,Delhi Daredevils,Rajasthan Royals,Delhi Daredevils,field,Wankhede Stadium,Rajasthan Royals,38.89,320.64,25.0,50.0,60.0,80.0,0
336039,Chennai Super Kings,Kings XI Punjab,Kings XI Punjab,bat,Wankhede Stadium,Chennai Super Kings,60.87,320.64,50.0,45.45,40.0,80.0,0
336040,Chennai Super Kings,Rajasthan Royals,Rajasthan Royals,field,Dr DY Patil Sports Academy,Rajasthan Royals,55.17,282.94,75.0,50.0,60.0,100.0,1
392181,Chennai Super Kings,Mumbai Indians,Chennai Super Kings,field,Newlands,Mumbai Indians,45.95,256.71,50.0,100.0,40.0,40.0,0
392182,Royal Challengers Bangalore,Rajasthan Royals,Royal Challengers Bangalore,bat,Newlands,Royal Challengers Bangalore,55.56,256.71,50.0,33.33,40.0,100.0,1
392183,Delhi Daredevils,Kings XI Punjab,Delhi Daredevils,field,Newlands,Delhi Daredevils,40.91,256.71,100.0,50.0,60.0,60.0,1
392184,Deccan Chargers,Kolkata Knight Riders,Kolkata Knight Riders,bat,Newlands,Deccan Chargers,22.22,256.71,100.0,50.0,0.0,40.0,0
392185,Royal Challengers Bangalore,Chennai Super Kings,Chennai Super Kings,bat,St George's Park,Chennai Super Kings,33.33,290.43,50.0,100.0,60.0,40.0,1
392186,Kings XI Punjab,Kolkata Knight Riders,Kolkata Knight Riders,field,Kingsmead,Kolkata Knight Riders,33.33,290.2,33.33,50.0,40.0,20.0,1
392188,Royal Challengers Bangalore,Deccan Chargers,Deccan Chargers,bat,Newlands,Deccan Chargers,45.45,256.71,50.0,100.0,60.0,20.0,1
392189,Chennai Super Kings,Delhi Daredevils,Delhi Daredevils,bat,Kingsmead,Delhi Daredevils,66.67,290.2,25.0,100.0,60.0,60.0,1
392190,Kolkata Knight Riders,Rajasthan Royals,Kolkata Knight Riders,field,Newlands,Rajasthan Royals,50.0,256.71,50.0,33.33,40.0,80.0,0
392191,Royal Challengers Bangalore,Kings XI Punjab,Royal Challengers Bangalore,bat,Kingsmead,Kings XI Punjab,46.15,290.2,75.0,33.33,60.0,20.0,0
392192,Deccan Chargers,Mumbai Indians,Deccan Chargers,bat,Kingsmead,Deccan Chargers,40.0,290.2,66.67,50.0,40.0,40.0,1
392194,Royal Challengers Bangalore,Delhi Daredevils,Royal Challengers Bangalore,bat,St George's Park,Delhi Daredevils,70.0,290.43,50.0,100.0,40.0,80.0,0
392195,Kings XI Punjab,Rajasthan Royals,Kings XI Punjab,bat,Newlands,Kings XI Punjab,42.86,256.71,50.0,33.33,20.0,80.0,1
392196,Chennai Super Kings,Deccan Chargers,Deccan Chargers,field,Kingsmead,Deccan Chargers,60.0,290.2,25.0,66.67,40.0,60.0,1
392197,Kolkata Knight Riders,Mumbai Indians,Mumbai Indians,bat,St George's Park,Mumbai Indians,32.35,290.43,50.0,66.67,40.0,20.0,1
392198,Delhi Daredevils,Rajasthan Royals,Delhi Daredevils,bat,SuperSport Park,Rajasthan Royals,38.89,304.42,50.0,66.67,80.0,60.0,0
392199,Royal Challengers Bangalore,Kolkata Knight Riders,Kolkata Knight Riders,bat,Kingsmead,Royal Challengers Bangalore,43.75,290.2,75.0,50.0,20.0,40.0,0
392200,Kings XI Punjab,Mumbai Indians,Kings XI Punjab,bat,Kingsmead,Kings XI Punjab,46.15,290.2,33.33,50.0,40.0,40.0,1
392201,Deccan Chargers,Delhi Daredevils,Delhi Daredevils,field,SuperSport Park,Delhi Daredevils,36.36,304.42,50.0,50.0,80.0,60.0,1
392202,Chennai Super Kings,Rajasthan Royals,Rajasthan Royals,field,SuperSport Park,Chennai Super Kings,55.17,304.42,66.67,66.67,20.0,60.0,0
392203,Kolkata Knight Riders,Mumbai Indians,Mumbai Indians,bat,Buffalo Park,Mumbai Indians,32.35,266.33,50.0,50.0,20.0,40.0,1
392204,Royal Challengers Bangalore,Kings XI Punjab,Royal Challengers Bangalore,bat,Kingsmead,Royal Challengers Bangalore,46.15,290.2,75.0,33.33,20.0,60.0,1
392205,Deccan Chargers,Rajasthan Royals,Deccan Chargers,bat,St George's Park,Rajasthan Royals,22.22,290.43,50.0,100.0,80.0,40.0,0
392206,Chennai Super Kings,Delhi Daredevils,Delhi Daredevils,field,New Wanderers Stadium,Chennai Super Kings,66.67,286.5,50.0,33.33,40.0,80.0,0
392207,Kings XI Punjab,Kolkata Knight Riders,Kolkata Knight Riders,bat,St George's Park,Kings XI Punjab,33.33,290.43,100.0,50.0,60.0,20.0,0
392208,Royal Challengers Bangalore,Mumbai Indians,Mumbai Indians,bat,New Wanderers Stadium,Royal Challengers Bangalore,43.75,286.5,75.0,50.0,40.0,60.0,0
392209,Chennai Super Kings,Deccan Chargers,Chennai Super Kings,bat,Buffalo Park,Chennai Super Kings,60.0,266.33,100.0,50.0,60.0,60.0,1
392210,Kings XI Punjab,Rajasthan Royals,Kings XI Punjab,field,Kingsmead,Rajasthan Royals,42.86,290.2,33.33,66.67,80.0,60.0,0
392211,Delhi Daredevils,Kolkata Knight Riders,Kolkata Knight Riders,bat,Kingsmead,Delhi Daredevils,38.1,290.2,100.0,50.0,60.0,0.0,0
392212,Deccan Chargers,Mumbai Indians,Deccan Chargers,bat,SuperSport Park,Deccan Chargers,40.0,304.42,50.0,33.33,40.0,40.0,1
392213,Royal Challengers Bangalore,Rajasthan Royals,Rajasthan Royals,field,SuperSport Park,Rajasthan Royals,55.56,304.42,66.67,66.67,60.0,60.0,1
392214,Chennai Super Kings,Kings XI Punjab,Chennai Super Kings,bat,SuperSport Park,Chennai Super Kings,60.87,304.42,66.67,50.0,60.0,60.0,1
392215,Delhi Daredevils,Mumbai Indians,Mumbai Indians,bat,Buffalo Park,Delhi Daredevils,50.0,266.33,100.0,50.0,60.0,40.0,0
392216,Deccan Chargers,Kings XI Punjab,Kings XI Punjab,field,De Beers Diamond Oval,Kings XI Punjab,30.0,299.0,50.0,100.0,40.0,40.0,1
392217,Chennai Super Kings,Rajasthan Royals,Rajasthan Royals,bat,De Beers Diamond Oval,Chennai Super Kings,55.17,299.0,100.0,50.0,80.0,80.0,0
392218,Royal Challengers Bangalore,Mumbai Indians,Mumbai Indians,bat,St George's Park,Mumbai Indians,43.75,290.43,50.0,66.67,60.0,20.0,1
392219,Delhi Daredevils,Kolkata Knight Riders,Delhi Daredevils,field,New Wanderers Stadium,Delhi Daredevils,38.1,286.5,33.33,50.0,60.0,0.0,1
392220,Deccan Chargers,Rajasthan Royals,Deccan Chargers,bat,De Beers Diamond Oval,Deccan Chargers,22.22,299.0,50.0,50.0,20.0,60.0,1
392221,Royal Challengers Bangalore,Kolkata Knight Riders,Royal Challengers Bangalore,field,SuperSport Park,Royal Challengers Bangalore,43.75,304.42,66.67,50.0,60.0,0.0,1
392222,Kings XI Punjab,Mumbai Indians,Kings XI Punjab,bat,SuperSport Park,Mumbai Indians,46.15,304.42,50.0,33.33,40.0,40.0,0
392223,Deccan Chargers,Delhi Daredevils,Deccan Chargers,field,Kingsmead,Delhi Daredevils,36.36,290.2,66.67,100.0,40.0,80.0,0
392224,Royal Challengers Bangalore,Chennai Super Kings,Chennai Super Kings,bat,Kingsmead,Royal Challengers Bangalore,33.33,290.2,75.0,25.0,60.0,100.0,0
392225,Mumbai Indians,Rajasthan Royals,Rajasthan Royals,bat,Kingsmead,Rajasthan Royals,51.72,290.2,50.0,66.67,40.0,60.0,1
392226,Delhi Daredevils,Kings XI Punjab,Kings XI Punjab,field,OUTsurance Oval,Kings XI Punjab,40.91,264.5,50.0,100.0,80.0,40.0,1
392227,Chennai Super Kings,Mumbai Indians,Mumbai Indians,bat,St George's Park,Chennai Super Kings,45.95,290.43,100.0,66.67,80.0,40.0,0
392228,Deccan Chargers,Kolkata Knight Riders,Deccan Chargers,field,New Wanderers Stadium,Deccan Chargers,22.22,286.5,66.67,50.0,40.0,0.0,1
392229,Deccan Chargers,Kings XI Punjab,Deccan Chargers,field,New Wanderers Stadium,Kings XI Punjab,30.0,286.5,66.67,100.0,60.0,40.0,0
392230,Delhi Daredevils,Rajasthan Royals,Delhi Daredevils,bat,OUTsurance Oval,Delhi Daredevils,38.89,264.5,50.0,50.0,80.0,60.0,1
392231,Chennai Super Kings,Kolkata Knight Riders,Chennai Super Kings,bat,SuperSport Park,Kolkata Knight Riders,65.52,304.42,66.67,50.0,80.0,0.0,0
392232,Royal Challengers Bangalore,Delhi Daredevils,Delhi Daredevils,bat,New Wanderers Stadium,Royal Challengers Bangalore,70.0,286.5,75.0,33.33,60.0,80.0,0
392233,Kolkata Knight Riders,Rajasthan Royals,Kolkata Knight Riders,field,Kingsmead,Kolkata Knight Riders,50.0,290.2,50.0,66.67,20.0,40.0,1
392234,Chennai Super Kings,Kings XI Punjab,Chennai Super Kings,bat,Kingsmead,Chennai Super Kings,60.87,290.2,25.0,33.33,60.0,60.0,1
392235,Delhi Daredevils,Mumbai Indians,Delhi Daredevils,field,SuperSport Park,Delhi Daredevils,50.0,304.42,50.0,33.33,60.0,40.0,1
392236,Royal Challengers Bangalore,Deccan Chargers,Royal Challengers Bangalore,bat,SuperSport Park,Royal Challengers Bangalore,45.45,304.42,66.67,50.0,60.0,40.0,1
392237,Delhi Daredevils,Deccan Chargers,Deccan Chargers,field,SuperSport Park,Deccan Chargers,63.64,304.42,50.0,50.0,60.0,40.0,1
392238,Royal Challengers Bangalore,Chennai Super Kings,Royal Challengers Bangalore,field,New Wanderers Stadium,Royal Challengers Bangalore,33.33,286.5,75.0,50.0,80.0,60.0,1
392239,Royal Challengers Bangalore,Deccan Chargers,Royal Challengers Bangalore,field,New Wanderers Stadium,Deccan Chargers,45.45,286.5,75.0,66.67,100.0,40.0,0
419106,Deccan Chargers,Kolkata Knight Riders,Deccan Chargers,field,Dr DY Patil Sports Academy,Kolkata Knight Riders,22.22,282.94,33.33,100.0,60.0,40.0,0
419107,Mumbai Indians,Rajasthan Royals,Mumbai Indians,bat,Brabourne Stadium,Mumbai Indians,51.72,348.1,71.43,50.0,40.0,20.0,1
419108,Kings XI Punjab,Delhi Daredevils,Delhi Daredevils,field,"Punjab Cricket Association Stadium, Mohali",Delhi Daredevils,59.09,313.91,51.43,33.33,60.0,40.0,1
419109,Kolkata Knight Riders,Royal Challengers Bangalore,Kolkata Knight Riders,field,Eden Gardens,Kolkata Knight Riders,56.25,307.25,60.81,40.0,60.0,80.0,1
419110,Chennai Super Kings,Deccan Chargers,Deccan Chargers,bat,"MA Chidambaram Stadium, Chepauk",Deccan Chargers,60.0,318.27,70.21,50.0,40.0,40.0,1
419111,Rajasthan Royals,Delhi Daredevils,Delhi Daredevils,field,"Sardar Patel Stadium, Motera",Delhi Daredevils,61.11,313.92,58.33,50.0,20.0,60.0,1
419112,Royal Challengers Bangalore,Kings XI Punjab,Kings XI Punjab,bat,M Chinnaswamy Stadium,Royal Challengers Bangalore,46.15,311.74,47.54,50.0,60.0,40.0,0
419113,Kolkata Knight Riders,Chennai Super Kings,Chennai Super Kings,bat,Eden Gardens,Chennai Super Kings,34.48,307.25,60.81,45.45,80.0,40.0,1
419114,Delhi Daredevils,Mumbai Indians,Delhi Daredevils,field,Feroz Shah Kotla,Mumbai Indians,50.0,307.02,41.07,33.33,60.0,40.0,0
419115,Royal Challengers Bangalore,Rajasthan Royals,Royal Challengers Bangalore,field,M Chinnaswamy Stadium,Royal Challengers Bangalore,55.56,311.74,47.54,50.0,60.0,20.0,1
419116,Delhi Daredevils,Chennai Super Kings,Delhi Daredevils,bat,Feroz Shah Kotla,Chennai Super Kings,33.33,307.02,41.07,83.33,60.0,40.0,0
419117,Deccan Chargers,Kings XI Punjab,Kings XI Punjab,field,Barabati Stadium,Deccan Chargers,30.0,325.43,75.0,33.33,60.0,40.0,0
419118,Rajasthan Royals,Kolkata Knight Riders,Rajasthan Royals,bat,"Sardar Patel Stadium, Motera",Rajasthan Royals,50.0,313.92,58.33,50.0,0.0,80.0,1
419119,Mumbai Indians,Royal Challengers Bangalore,Mumbai Indians,bat,Brabourne Stadium,Royal Challengers Bangalore,56.25,348.1,71.43,100.0,40.0,60.0,0
419120,Deccan Chargers,Delhi Daredevils,Deccan Chargers,bat,Barabati Stadium,Deccan Chargers,36.36,325.43,75.0,50.0,80.0,40.0,1
419121,Chennai Super Kings,Kings XI Punjab,Chennai Super Kings,field,"MA Chidambaram Stadium, Chepauk",Kings XI Punjab,60.87,318.27,70.21,40.0,60.0,20.0,0
419122,Mumbai Indians,Kolkata Knight Riders,Kolkata Knight Riders,bat,Brabourne Stadium,Mumbai Indians,67.65,348.1,71.43,50.0,40.0,60.0,0
419123,Royal Challengers Bangalore,Chennai Super Kings,Chennai Super Kings,field,M Chinnaswamy Stadium,Royal Challengers Bangalore,33.33,311.74,47.54,57.14,60.0,40.0,0
419124,Kings XI Punjab,Rajasthan Royals,Kings XI Punjab,field,"Punjab Cricket Association Stadium, Mohali",Rajasthan Royals,42.86,313.91,51.43,50.0,20.0,20.0,0
419125,Chennai Super Kings,Mumbai Indians,Mumbai Indians,field,"Brabourne Stadium, Mumbai",Mumbai Indians,45.95,342.59,50.0,50.0,40.0,60.0,1
419128,Royal Challengers Bangalore,Delhi Daredevils,Royal Challengers Bangalore,field,M Chinnaswamy Stadium,Delhi Daredevils,70.0,311.74,47.54,42.86,80.0,40.0,0
419126,Rajasthan Royals,Deccan Chargers,Deccan Chargers,bat,"Sardar Patel Stadium, Motera",Rajasthan Royals,77.78,313.92,58.33,50.0,40.0,80.0,0
419127,Kings XI Punjab,Kolkata Knight Riders,Kolkata Knight Riders,bat,"Punjab Cricket Association Stadium, Mohali",Kolkata Knight Riders,33.33,313.91,51.43,50.0,20.0,40.0,1
419129,Rajasthan Royals,Chennai Super Kings,Rajasthan Royals,bat,"Sardar Patel Stadium, Motera",Rajasthan Royals,44.83,313.92,58.33,50.0,60.0,40.0,1
419130,Deccan Chargers,Mumbai Indians,Deccan Chargers,field,Dr DY Patil Sports Academy,Mumbai Indians,40.0,282.94,33.33,71.43,60.0,80.0,0
419131,Delhi Daredevils,Kolkata Knight Riders,Delhi Daredevils,bat,Feroz Shah Kotla,Delhi Daredevils,38.1,307.02,41.07,62.5,40.0,40.0,1
419132,Mumbai Indians,Kings XI Punjab,Mumbai Indians,field,Brabourne Stadium,Mumbai Indians,53.85,348.1,71.43,50.0,80.0,20.0,1
419133,Chennai Super Kings,Royal Challengers Bangalore,Royal Challengers Bangalore,bat,"MA Chidambaram Stadium, Chepauk",Chennai Super Kings,66.67,318.27,70.21,25.0,20.0,80.0,0
419134,Delhi Daredevils,Rajasthan Royals,Delhi Daredevils,bat,Feroz Shah Kotla,Delhi Daredevils,38.89,307.02,41.07,57.14,40.0,80.0,1
419135,Kolkata Knight Riders,Deccan Chargers,Kolkata Knight Riders,bat,Eden Gardens,Kolkata Knight Riders,77.78,307.25,60.81,50.0,20.0,60.0,1
419136,Kings XI Punjab,Royal Challengers Bangalore,Kings XI Punjab,bat,"Punjab Cricket Association Stadium, Mohali",Royal Challengers Bangalore,53.85,313.91,51.43,40.0,20.0,60.0,0
419137,Chennai Super Kings,Rajasthan Royals,Chennai Super Kings,bat,"MA Chidambaram Stadium, Chepauk",Chennai Super Kings,55.17,318.27,70.21,16.67,20.0,80.0,1
419138,Mumbai Indians,Deccan Chargers,Mumbai Indians,bat,Brabourne Stadium,Mumbai Indians,60.0,348.1,71.43,50.0,80.0,40.0,1
419139,Kolkata Knight Riders,Kings XI Punjab,Kolkata Knight Riders,bat,Eden Gardens,Kings XI Punjab,66.67,307.25,60.81,27.27,40.0,20.0,0
419140,Delhi Daredevils,Royal Challengers Bangalore,Delhi Daredevils,bat,Feroz Shah Kotla,Delhi Daredevils,30.0,307.02,41.07,71.43,60.0,60.0,1
419141,Deccan Chargers,Rajasthan Royals,Rajasthan Royals,bat,"Vidarbha Cricket Association Stadium, Jamtha",Rajasthan Royals,22.22,294.0,66.67,100.0,20.0,60.0,1
419142,Chennai Super Kings,Mumbai Indians,Chennai Super Kings,bat,"MA Chidambaram Stadium, Chepauk",Chennai Super Kings,45.95,318.27,70.21,50.0,40.0,100.0,1
419143,Rajasthan Royals,Kings XI Punjab,Kings XI Punjab,bat,Sawai Mansingh Stadium,Rajasthan Royals,57.14,303.49,68.09,16.67,60.0,20.0,0
419144,Kolkata Knight Riders,Delhi Daredevils,Kolkata Knight Riders,bat,Eden Gardens,Kolkata Knight Riders,61.9,307.25,60.81,12.5,40.0,80.0,1
419145,Royal Challengers Bangalore,Deccan Chargers,Deccan Chargers,field,M Chinnaswamy Stadium,Deccan Chargers,45.45,311.74,47.54,33.33,40.0,0.0,1
419146,Kings XI Punjab,Mumbai Indians,Mumbai Indians,bat,"Punjab Cricket Association Stadium, Mohali",Kings XI Punjab,46.15,313.91,51.43,50.0,20.0,80.0,0
419147,Deccan Chargers,Chennai Super Kings,Chennai Super Kings,bat,"Vidarbha Cricket Association Stadium, Jamtha",Deccan Chargers,40.0,294.0,66.67,50.0,20.0,60.0,0
419148,Royal Challengers Bangalore,Kolkata Knight Riders,Royal Challengers Bangalore,field,M Chinnaswamy Stadium,Royal Challengers Bangalore,43.75,311.74,47.54,54.55,20.0,60.0,1
419149,Delhi Daredevils,Kings XI Punjab,Delhi Daredevils,bat,Feroz Shah Kotla,Kings XI Punjab,40.91,307.02,41.07,44.44,80.0,40.0,0
419150,Rajasthan Royals,Mumbai Indians,Rajasthan Royals,field,Sawai Mansingh Stadium,Mumbai Indians,48.28,303.49,68.09,28.57,60.0,60.0,0
419151,Deccan Chargers,Royal Challengers Bangalore,Royal Challengers Bangalore,field,"Vidarbha Cricket Association Stadium, Jamtha",Deccan Chargers,54.55,294.0,66.67,50.0,40.0,40.0,0
419152,Mumbai Indians,Delhi Daredevils,Mumbai Indians,bat,Brabourne Stadium,Mumbai Indians,50.0,348.1,71.43,50.0,60.0,60.0,1
419153,Chennai Super Kings,Kolkata Knight Riders,Kolkata Knight Riders,bat,"MA Chidambaram Stadium, Chepauk",Chennai Super Kings,65.52,318.27,70.21,28.57,60.0,40.0,0
419154,Rajasthan Royals,Royal Challengers Bangalore,Rajasthan Royals,bat,Sawai Mansingh Stadium,Royal Challengers Bangalore,44.44,303.49,68.09,42.86,40.0,40.0,0
419155,Chennai Super Kings,Delhi Daredevils,Chennai Super Kings,bat,"MA Chidambaram Stadium, Chepauk",Delhi Daredevils,66.67,318.27,70.21,28.57,80.0,40.0,0
419156,Kings XI Punjab,Deccan Chargers,Deccan Chargers,field,Himachal Pradesh Cricket Association Stadium,Deccan Chargers,70.0,321.89,55.56,100.0,60.0,60.0,1
419157,Royal Challengers Bangalore,Mumbai Indians,Royal Challengers Bangalore,field,M Chinnaswamy Stadium,Mumbai Indians,43.75,311.74,47.54,80.0,40.0,60.0,0
419158,Kolkata Knight Riders,Rajasthan Royals,Rajasthan Royals,bat,Eden Gardens,Kolkata Knight Riders,50.0,307.25,60.81,22.22,40.0,40.0,0
419159,Kings XI Punjab,Chennai Super Kings,Chennai Super Kings,field,Himachal Pradesh Cricket Association Stadium,Chennai Super Kings,39.13,321.89,55.56,50.0,60.0,60.0,1
419160,Delhi Daredevils,Deccan Chargers,Deccan Chargers,bat,Feroz Shah Kotla,Deccan Chargers,63.64,307.02,41.07,50.0,40.0,80.0,1
419161,Kolkata Knight Riders,Mumbai Indians,Mumbai Indians,bat,Eden Gardens,Kolkata Knight Riders,32.35,307.25,60.81,76.92,40.0,60.0,0
419162,Royal Challengers Bangalore,Mumbai Indians,Mumbai Indians,bat,Dr DY Patil Sports Academy,Mumbai Indians,43.75,282.94,50.0,71.43,40.0,60.0,1
419163,Chennai Super Kings,Deccan Chargers,Chennai Super Kings,bat,Dr DY Patil Sports Academy,Chennai Super Kings,60.0,282.94,75.0,33.33,60.0,100.0,1
419164,Royal Challengers Bangalore,Deccan Chargers,Deccan Chargers,bat,Dr DY Patil Sports Academy,Royal Challengers Bangalore,45.45,282.94,50.0,33.33,40.0,80.0,0
419165,Chennai Super Kings,Mumbai Indians,Chennai Super Kings,bat,Dr DY Patil Sports Academy,Chennai Super Kings,45.95,282.94,75.0,71.43,60.0,80.0,1
501198,Chennai Super Kings,Kolkata Knight Riders,Chennai Super Kings,bat,"MA Chidambaram Stadium, Chepauk",Chennai Super Kings,65.52,318.27,70.21,28.57,80.0,60.0,1
501199,Deccan Chargers,Rajasthan Royals,Rajasthan Royals,field,"Rajiv Gandhi International Stadium, Uppal",Rajasthan Royals,22.22,303.84,16.67,50.0,60.0,40.0,1
501200,Kochi Tuskers Kerala,Royal Challengers Bangalore,Kochi Tuskers Kerala,bat,Nehru Stadium,Royal Challengers Bangalore,50.0,272.6,40.0,100.0,50.0,40.0,0
501201,Delhi Daredevils,Mumbai Indians,Delhi Daredevils,bat,Feroz Shah Kotla,Mumbai Indians,50.0,307.02,41.07,33.33,20.0,60.0,0
501202,Pune Warriors,Kings XI Punjab,Kings XI Punjab,bat,Dr DY Patil Sports Academy,Pune Warriors,50.0,282.94,28.57,50.0,50.0,40.0,0
501203,Kolkata Knight Riders,Deccan Chargers,Kolkata Knight Riders,bat,Eden Gardens,Kolkata Knight Riders,77.78,307.25,60.81,50.0,40.0,40.0,1
501204,Rajasthan Royals,Delhi Daredevils,Delhi Daredevils,bat,Sawai Mansingh Stadium,Rajasthan Royals,61.11,303.49,68.09,20.0,40.0,20.0,0
501205,Royal Challengers Bangalore,Mumbai Indians,Mumbai Indians,field,M Chinnaswamy Stadium,Mumbai Indians,43.75,311.74,47.54,80.0,60.0,60.0,1
501206,Kings XI Punjab,Chennai Super Kings,Kings XI Punjab,field,"Punjab Cricket Association Stadium, Mohali",Kings XI Punjab,39.13,313.91,51.43,75.0,40.0,80.0,1
501207,Pune Warriors,Kochi Tuskers Kerala,Kochi Tuskers Kerala,bat,Dr DY Patil Sports Academy,Pune Warriors,100.0,282.94,28.57,50.0,100.0,0.0,0
501208,Deccan Chargers,Royal Challengers Bangalore,Royal Challengers Bangalore,field,"Rajiv Gandhi International Stadium, Uppal",Deccan Chargers,54.55,303.84,16.67,25.0,20.0,40.0,0
501209,Rajasthan Royals,Kolkata Knight Riders,Kolkata Knight Riders,field,Sawai Mansingh Stadium,Kolkata Knight Riders,50.0,303.49,68.09,50.0,40.0,60.0,1
501210,Mumbai Indians,Kochi Tuskers Kerala,Kochi Tuskers Kerala,field,Wankhede Stadium,Kochi Tuskers Kerala,50.0,320.64,62.69,100.0,60.0,0.0,1
501211,Chennai Super Kings,Royal Challengers Bangalore,Chennai Super Kings,bat,"MA Chidambaram Stadium, Chepauk",Chennai Super Kings,66.67,318.27,70.21,25.0,80.0,40.0,1
501212,Deccan Chargers,Kings XI Punjab,Kings XI Punjab,field,"Rajiv Gandhi International Stadium, Uppal",Kings XI Punjab,30.0,303.84,16.67,50.0,20.0,40.0,1
501213,Pune Warriors,Delhi Daredevils,Delhi Daredevils,field,Dr DY Patil Sports Academy,Delhi Daredevils,40.0,282.94,28.57,50.0,100.0,20.0,1
501214,Kolkata Knight Riders,Rajasthan Royals,Kolkata Knight Riders,field,Eden Gardens,Kolkata Knight Riders,50.0,307.25,60.81,22.22,80.0,40.0,1
501215,Kochi Tuskers Kerala,Chennai Super Kings,Kochi Tuskers Kerala,field,Nehru Stadium,Kochi Tuskers Kerala,50.0,272.6,40.0,50.0,33.33,80.0,1
501216,Delhi Daredevils,Deccan Chargers,Deccan Chargers,bat,Feroz Shah Kotla,Deccan Chargers,63.64,307.02,41.07,50.0,40.0,20.0,1
501218,Mumbai Indians,Pune Warriors,Pune Warriors,bat,Wankhede Stadium,Mumbai Indians,83.33,320.64,62.69,33.33,60.0,66.67,0
501219,Kolkata Knight Riders,Kochi Tuskers Kerala,Kolkata Knight Riders,field,Eden Gardens,Kochi Tuskers Kerala,50.0,307.25,60.81,100.0,80.0,50.0,0
501220,Kings XI Punjab,Rajasthan Royals,Rajasthan Royals,field,"Punjab Cricket Association Stadium, Mohali",Kings XI Punjab,42.86,313.91,51.43,50.0,40.0,40.0,0
501221,Mumbai Indians,Chennai Super Kings,Chennai Super Kings,field,Wankhede Stadium,Mumbai Indians,54.05,320.64,62.69,50.0,60.0,60.0,0
501222,Kolkata Knight Riders,Royal Challengers Bangalore,Royal Challengers Bangalore,field,Eden Gardens,Royal Challengers Bangalore,56.25,307.25,60.81,40.0,60.0,40.0,1
501223,Delhi Daredevils,Kings XI Punjab,Kings XI Punjab,field,Feroz Shah Kotla,Delhi Daredevils,40.91,307.02,41.07,44.44,20.0,60.0,0
501224,Deccan Chargers,Mumbai Indians,Deccan Chargers,field,"Rajiv Gandhi International Stadium, Uppal",Mumbai Indians,40.0,303.84,16.67,62.5,40.0,80.0,0
501225,Rajasthan Royals,Kochi Tuskers Kerala,Rajasthan Royals,field,Sawai Mansingh Stadium,Rajasthan Royals,50.0,303.49,68.09,50.0,40.0,60.0,1
501226,Chennai Super Kings,Pune Warriors,Pune Warriors,field,"MA Chidambaram Stadium, Chepauk",Chennai Super Kings,66.67,318.27,70.21,33.33,40.0,50.0,0
501227,Delhi Daredevils,Royal Challengers Bangalore,Royal Challengers Bangalore,field,Feroz Shah Kotla,Royal Challengers Bangalore,30.0,307.02,41.07,71.43,40.0,40.0,1
501228,Pune Warriors,Chennai Super Kings,Pune Warriors,bat,Dr DY Patil Sports Academy,Chennai Super Kings,33.33,282.94,28.57,75.0,40.0,40.0,0
501229,Kochi Tuskers Kerala,Deccan Chargers,Kochi Tuskers Kerala,field,Nehru Stadium,Deccan Chargers,50.0,272.6,40.0,100.0,60.0,40.0,0
501230,Delhi Daredevils,Kolkata Knight Riders,Delhi Daredevils,field,Feroz Shah Kotla,Kolkata Knight Riders,38.1,307.02,41.07,62.5,40.0,60.0,0
501231,Rajasthan Royals,Mumbai Indians,Rajasthan Royals,field,Sawai Mansingh Stadium,Rajasthan Royals,48.28,303.49,68.09,28.57,40.0,80.0,1
501232,Royal Challengers Bangalore,Pune Warriors,Pune Warriors,field,M Chinnaswamy Stadium,Royal Challengers Bangalore,100.0,311.74,47.54,50.0,40.0,20.0,0
501233,Kochi Tuskers Kerala,Delhi Daredevils,Delhi Daredevils,bat,Nehru Stadium,Delhi Daredevils,50.0,272.6,40.0,100.0,60.0,40.0,1
501234,Kolkata Knight Riders,Kings XI Punjab,Kolkata Knight Riders,field,Eden Gardens,Kolkata Knight Riders,66.67,307.25,60.81,27.27,60.0,60.0,1
501235,Rajasthan Royals,Pune Warriors,Rajasthan Royals,field,Sawai Mansingh Stadium,Rajasthan Royals,80.0,303.49,68.09,50.0,40.0,0.0,1
501236,Chennai Super Kings,Deccan Chargers,Chennai Super Kings,bat,"MA Chidambaram Stadium, Chepauk",Chennai Super Kings,60.0,318.27,70.21,50.0,60.0,60.0,1
501237,Mumbai Indians,Kings XI Punjab,Kings XI Punjab,field,Wankhede Stadium,Mumbai Indians,53.85,320.64,62.69,45.45,60.0,60.0,0
501238,Delhi Daredevils,Kochi Tuskers Kerala,Kochi Tuskers Kerala,field,Feroz Shah Kotla,Kochi Tuskers Kerala,50.0,307.02,41.07,100.0,40.0,40.0,1
501239,Deccan Chargers,Kolkata Knight Riders,Deccan Chargers,field,"Rajiv Gandhi International Stadium, Uppal",Kolkata Knight Riders,22.22,303.84,16.67,66.67,40.0,60.0,0
501240,Chennai Super Kings,Rajasthan Royals,Rajasthan Royals,bat,"MA Chidambaram Stadium, Chepauk",Chennai Super Kings,55.17,318.27,70.21,16.67,60.0,60.0,0
501241,Pune Warriors,Mumbai Indians,Pune Warriors,field,Dr DY Patil Sports Academy,Mumbai Indians,16.67,282.94,28.57,71.43,0.0,80.0,0
501242,Kochi Tuskers Kerala,Kolkata Knight Riders,Kolkata Knight Riders,field,Nehru Stadium,Kochi Tuskers Kerala,100.0,272.6,40.0,50.0,40.0,60.0,0
501243,Deccan Chargers,Delhi Daredevils,Delhi Daredevils,field,"Rajiv Gandhi International Stadium, Uppal",Delhi Daredevils,36.36,303.84,16.67,66.67,40.0,40.0,1
501244,Royal Challengers Bangalore,Kings XI Punjab,Kings XI Punjab,field,M Chinnaswamy Stadium,Royal Challengers Bangalore,46.15,311.74,47.54,50.0,60.0,40.0,0
501245,Kolkata Knight Riders,Chennai Super Kings,Chennai Super Kings,bat,Eden Gardens,Kolkata Knight Riders,34.48,307.25,60.81,45.45,60.0,80.0,0
501246,Mumbai Indians,Delhi Daredevils,Delhi Daredevils,field,Wankhede Stadium,Mumbai Indians,50.0,320.64,62.69,25.0,80.0,40.0,0
501247,Royal Challengers Bangalore,Kochi Tuskers Kerala,Kochi Tuskers Kerala,bat,M Chinnaswamy Stadium,Royal Challengers Bangalore,100.0,311.74,47.54,50.0,80.0,40.0,0
501248,Kings XI Punjab,Pune Warriors,Kings XI Punjab,bat,"Punjab Cricket Association Stadium, Mohali",Pune Warriors,50.0,313.91,51.43,33.33,20.0,0.0,0
501249,Rajasthan Royals,Chennai Super Kings,Rajasthan Royals,field,Sawai Mansingh Stadium,Chennai Super Kings,44.83,303.49,68.09,50.0,60.0,80.0,0
501250,Deccan Chargers,Pune Warriors,Deccan Chargers,bat,"Rajiv Gandhi International Stadium, Uppal",Pune Warriors,75.0,303.84,16.67,50.0,20.0,20.0,0
501251,Kings XI Punjab,Mumbai Indians,Mumbai Indians,field,"Punjab Cricket Association Stadium, Mohali",Kings XI Punjab,46.15,313.91,51.43,50.0,0.0,80.0,0
501252,Rajasthan Royals,Royal Challengers Bangalore,Royal Challengers Bangalore,field,Sawai Mansingh Stadium,Royal Challengers Bangalore,44.44,303.49,68.09,42.86,60.0,100.0,1
501253,Chennai Super Kings,Delhi Daredevils,Chennai Super Kings,bat,"MA Chidambaram Stadium, Chepauk",Chennai Super Kings,66.67,318.27,70.21,28.57,80.0,40.0,1
501254,Kochi Tuskers Kerala,Kings XI Punjab,Kings XI Punjab,field,Holkar Cricket Stadium,Kings XI Punjab,50.0,319.11,50.0,50.0,40.0,20.0,1
501255,Royal Challengers Bangalore,Kolkata Knight Riders,Royal Challengers Bangalore,field,M Chinnaswamy Stadium,Royal Challengers Bangalore,43.75,311.74,47.54,54.55,100.0,80.0,1
501256,Mumbai Indians,Deccan Chargers,Deccan Chargers,bat,Wankhede Stadium,Deccan Chargers,60.0,320.64,62.69,50.0,60.0,20.0,1
501257,Kings XI Punjab,Delhi Daredevils,Delhi Daredevils,field,Himachal Pradesh Cricket Association Stadium,Kings XI Punjab,59.09,321.89,55.56,33.33,40.0,40.0,0
501258,Kochi Tuskers Kerala,Rajasthan Royals,Kochi Tuskers Kerala,field,Holkar Cricket Stadium,Kochi Tuskers Kerala,50.0,319.11,50.0,50.0,40.0,40.0,1
501259,Pune Warriors,Deccan Chargers,Deccan Chargers,field,Dr DY Patil Sports Academy,Deccan Chargers,25.0,282.94,28.57,33.33,40.0,20.0,1
501260,Kings XI Punjab,Royal Challengers Bangalore,Kings XI Punjab,bat,Himachal Pradesh Cricket Association Stadium,Kings XI Punjab,53.85,321.89,55.56,50.0,60.0,100.0,1
501261,Chennai Super Kings,Kochi Tuskers Kerala,Chennai Super Kings,bat,"MA Chidambaram Stadium, Chepauk",Chennai Super Kings,50.0,318.27,70.21,50.0,80.0,60.0,1
501262,Pune Warriors,Kolkata Knight Riders,Kolkata Knight Riders,field,Dr DY Patil Sports Academy,Kolkata Knight Riders,20.0,282.94,28.57,100.0,40.0,60.0,1
501263,Mumbai Indians,Rajasthan Royals,Mumbai Indians,bat,Wankhede Stadium,Rajasthan Royals,51.72,320.64,62.69,50.0,60.0,20.0,0
501264,Kings XI Punjab,Deccan Chargers,Kings XI Punjab,field,Himachal Pradesh Cricket Association Stadium,Deccan Chargers,70.0,321.89,55.56,100.0,80.0,40.0,0
501266,Royal Challengers Bangalore,Chennai Super Kings,Royal Challengers Bangalore,field,M Chinnaswamy Stadium,Royal Challengers Bangalore,33.33,311.74,47.54,57.14,80.0,80.0,1
501267,Kolkata Knight Riders,Mumbai Indians,Mumbai Indians,field,Eden Gardens,Mumbai Indians,32.35,307.25,60.81,76.92,60.0,40.0,1
501268,Royal Challengers Bangalore,Chennai Super Kings,Chennai Super Kings,field,Wankhede Stadium,Chennai Super Kings,33.33,320.64,30.0,50.0,80.0,60.0,1
501269,Mumbai Indians,Kolkata Knight Riders,Mumbai Indians,field,Wankhede Stadium,Mumbai Indians,67.65,320.64,62.69,11.11,40.0,40.0,1
501270,Royal Challengers Bangalore,Mumbai Indians,Mumbai Indians,field,"MA Chidambaram Stadium, Chepauk",Royal Challengers Bangalore,43.75,318.27,25.0,50.0,60.0,40.0,0
501271,Chennai Super Kings,Royal Challengers Bangalore,Chennai Super Kings,bat,"MA Chidambaram Stadium, Chepauk",Chennai Super Kings,66.67,318.27,70.21,25.0,80.0,60.0,1
548306,Chennai Super Kings,Mumbai Indians,Mumbai Indians,field,"MA Chidambaram Stadium, Chepauk",Mumbai Indians,45.95,318.27,70.21,50.0,80.0,40.0,1
548307,Kolkata Knight Riders,Delhi Daredevils,Delhi Daredevils,field,Eden Gardens,Delhi Daredevils,61.9,307.25,60.81,12.5,40.0,20.0,1
548308,Mumbai Indians,Pune Warriors,Mumbai Indians,field,Wankhede Stadium,Pune Warriors,83.33,320.64,62.69,33.33,60.0,40.0,0
548309,Rajasthan Royals,Kings XI Punjab,Kings XI Punjab,field,Sawai Mansingh Stadium,Rajasthan Royals,57.14,303.49,68.09,16.67,20.0,80.0,0
548310,Royal Challengers Bangalore,Delhi Daredevils,Delhi Daredevils,field,M Chinnaswamy Stadium,Royal Challengers Bangalore,70.0,311.74,47.54,42.86,40.0,20.0,0
548311,Deccan Chargers,Chennai Super Kings,Deccan Chargers,field,Dr. Y.S. Rajasekhara Reddy ACA-VDCA Cricket Stadium,Chennai Super Kings,40.0,288.15,50.0,100.0,60.0,60.0,0
548312,Rajasthan Royals,Kolkata Knight Riders,Kolkata Knight Riders,field,Sawai Mansingh Stadium,Rajasthan Royals,50.0,303.49,68.09,50.0,40.0,20.0,0
548313,Pune Warriors,Kings XI Punjab,Pune Warriors,bat,Subrata Roy Sahara Stadium,Pune Warriors,50.0,283.0,26.67,50.0,40.0,60.0,1
548314,Deccan Chargers,Mumbai Indians,Deccan Chargers,bat,Dr. Y.S. Rajasekhara Reddy ACA-VDCA Cricket Stadium,Mumbai Indians,40.0,288.15,50.0,50.0,60.0,60.0,0
548315,Royal Challengers Bangalore,Kolkata Knight Riders,Royal Challengers Bangalore,field,M Chinnaswamy Stadium,Kolkata Knight Riders,43.75,311.74,47.54,54.55,60.0,20.0,0
548316,Delhi Daredevils,Chennai Super Kings,Delhi Daredevils,field,Feroz Shah Kotla,Delhi Daredevils,33.33,307.02,41.07,83.33,20.0,60.0,1
548317,Mumbai Indians,Rajasthan Royals,Rajasthan Royals,field,Wankhede Stadium,Mumbai Indians,51.72,320.64,62.69,50.0,60.0,60.0,0
548318,Chennai Super Kings,Royal Challengers Bangalore,Royal Challengers Bangalore,bat,"MA Chidambaram Stadium, Chepauk",Chennai Super Kings,66.67,318.27,70.21,25.0,60.0,40.0,0
548319,Kings XI Punjab,Pune Warriors,Kings XI Punjab,field,"Punjab Cricket Association Stadium, Mohali",Kings XI Punjab,50.0,313.91,51.43,33.33,40.0,40.0,1
548320,Kolkata Knight Riders,Rajasthan Royals,Rajasthan Royals,bat,Eden Gardens,Kolkata Knight Riders,50.0,307.25,60.81,22.22,20.0,60.0,0
548322,Pune Warriors,Chennai Super Kings,Chennai Super Kings,bat,Subrata Roy Sahara Stadium,Pune Warriors,33.33,283.0,26.67,50.0,40.0,60.0,0
548323,Kolkata Knight Riders,Kings XI Punjab,Kolkata Knight Riders,field,Eden Gardens,Kings XI Punjab,66.67,307.25,60.81,27.27,40.0,40.0,0
548324,Royal Challengers Bangalore,Rajasthan Royals,Rajasthan Royals,bat,M Chinnaswamy Stadium,Rajasthan Royals,55.56,311.74,47.54,50.0,40.0,60.0,1
548325,Mumbai Indians,Delhi Daredevils,Delhi Daredevils,field,Wankhede Stadium,Delhi Daredevils,50.0,320.64,62.69,25.0,60.0,60.0,1
548326,Rajasthan Royals,Deccan Chargers,Deccan Chargers,bat,Sawai Mansingh Stadium,Rajasthan Royals,77.78,303.49,68.09,50.0,60.0,40.0,0
548327,Royal Challengers Bangalore,Pune Warriors,Pune Warriors,bat,M Chinnaswamy Stadium,Royal Challengers Bangalore,100.0,311.74,47.54,50.0,20.0,60.0,0
548328,Kings XI Punjab,Kolkata Knight Riders,Kings XI Punjab,bat,"Punjab Cricket Association Stadium, Mohali",Kolkata Knight Riders,33.33,313.91,51.43,50.0,40.0,40.0,0
548321,Delhi Daredevils,Deccan Chargers,Deccan Chargers,bat,Feroz Shah Kotla,Delhi Daredevils,63.64,307.02,41.07,50.0,40.0,60.0,0
548330,Chennai Super Kings,Pune Warriors,Pune Warriors,field,"MA Chidambaram Stadium, Chepauk",Chennai Super Kings,66.67,318.27,70.21,33.33,40.0,60.0,0
548331,Kings XI Punjab,Royal Challengers Bangalore,Royal Challengers Bangalore,field,"Punjab Cricket Association Stadium, Mohali",Royal Challengers Bangalore,53.85,313.91,51.43,40.0,40.0,40.0,1
548332,Chennai Super Kings,Rajasthan Royals,Rajasthan Royals,bat,"MA Chidambaram Stadium, Chepauk",Chennai Super Kings,55.17,318.27,70.21,16.67,60.0,60.0,0
548333,Delhi Daredevils,Pune Warriors,Delhi Daredevils,field,Feroz Shah Kotla,Pune Warriors,60.0,307.02,41.07,50.0,80.0,40.0,0
548334,Mumbai Indians,Kings XI Punjab,Mumbai Indians,bat,Wankhede Stadium,Kings XI Punjab,53.85,320.64,62.69,45.45,60.0,40.0,0
548335,Deccan Chargers,Kolkata Knight Riders,Kolkata Knight Riders,field,Barabati Stadium,Kolkata Knight Riders,22.22,325.43,75.0,100.0,0.0,60.0,1
548336,Rajasthan Royals,Royal Challengers Bangalore,Rajasthan Royals,field,Sawai Mansingh Stadium,Royal Challengers Bangalore,44.44,303.49,68.09,42.86,40.0,40.0,0
548337,Pune Warriors,Delhi Daredevils,Pune Warriors,bat,Subrata Roy Sahara Stadium,Delhi Daredevils,40.0,283.0,26.67,33.33,40.0,80.0,0
548339,Kings XI Punjab,Mumbai Indians,Kings XI Punjab,bat,"Punjab Cricket Association Stadium, Mohali",Mumbai Indians,46.15,313.91,51.43,50.0,60.0,40.0,0
548341,Pune Warriors,Deccan Chargers,Deccan Chargers,bat,Subrata Roy Sahara Stadium,Deccan Chargers,25.0,283.0,26.67,100.0,40.0,0.0,1
548342,Delhi Daredevils,Mumbai Indians,Mumbai Indians,field,Feroz Shah Kotla,Delhi Daredevils,50.0,307.02,41.07,33.33,80.0,60.0,0
548343,Chennai Super Kings,Kings XI Punjab,Kings XI Punjab,bat,"MA Chidambaram Stadium, Chepauk",Kings XI Punjab,60.87,318.27,70.21,40.0,60.0,40.0,1
548344,Kolkata Knight Riders,Royal Challengers Bangalore,Kolkata Knight Riders,bat,Eden Gardens,Kolkata Knight Riders,56.25,307.25,60.81,40.0,80.0,60.0,1
548345,Delhi Daredevils,Rajasthan Royals,Delhi Daredevils,bat,Feroz Shah Kotla,Delhi Daredevils,38.89,307.02,41.07,57.14,80.0,40.0,1
548346,Mumbai Indians,Deccan Chargers,Mumbai Indians,field,Wankhede Stadium,Mumbai Indians,60.0,320.64,62.69,50.0,40.0,20.0,1
548347,Chennai Super Kings,Kolkata Knight Riders,Chennai Super Kings,bat,"MA Chidambaram Stadium, Chepauk",Kolkata Knight Riders,65.52,318.27,70.21,28.57,60.0,80.0,0
548348,Deccan Chargers,Pune Warriors,Deccan Chargers,bat,Barabati Stadium,Deccan Chargers,75.0,325.43,75.0,50.0,20.0,20.0,1
548349,Rajasthan Royals,Delhi Daredevils,Rajasthan Royals,bat,Sawai Mansingh Stadium,Delhi Daredevils,61.11,303.49,68.09,20.0,40.0,80.0,0
548350,Royal Challengers Bangalore,Kings XI Punjab,Kings XI Punjab,field,M Chinnaswamy Stadium,Kings XI Punjab,46.15,311.74,47.54,50.0,60.0,40.0,1
548351,Pune Warriors,Mumbai Indians,Mumbai Indians,bat,Subrata Roy Sahara Stadium,Mumbai Indians,16.67,283.0,26.67,100.0,20.0,40.0,1
548352,Chennai Super Kings,Deccan Chargers,Chennai Super Kings,bat,"MA Chidambaram Stadium, Chepauk",Chennai Super Kings,60.0,318.27,70.21,50.0,40.0,40.0,1
548353,Kolkata Knight Riders,Pune Warriors,Kolkata Knight Riders,bat,Eden Gardens,Kolkata Knight Riders,80.0,307.25,60.81,50.0,80.0,20.0,1
548354,Kings XI Punjab,Rajasthan Royals,Rajasthan Royals,bat,"Punjab Cricket Association Stadium, Mohali",Rajasthan Royals,42.86,313.91,51.43,50.0,60.0,20.0,1
548355,Mumbai Indians,Chennai Super Kings,Mumbai Indians,field,Wankhede Stadium,Mumbai Indians,54.05,320.64,62.69,50.0,60.0,60.0,1
548356,Royal Challengers Bangalore,Deccan Chargers,Royal Challengers Bangalore,field,M Chinnaswamy Stadium,Royal Challengers Bangalore,45.45,311.74,47.54,33.33,60.0,40.0,1
548357,Delhi Daredevils,Kolkata Knight Riders,Delhi Daredevils,bat,Feroz Shah Kotla,Kolkata Knight Riders,38.1,307.02,41.07,62.5,80.0,100.0,0
548358,Pune Warriors,Rajasthan Royals,Pune Warriors,bat,Subrata Roy Sahara Stadium,Rajasthan Royals,20.0,283.0,26.67,50.0,0.0,20.0,0
548359,Deccan Chargers,Kings XI Punjab,Deccan Chargers,field,"Rajiv Gandhi International Stadium, Uppal",Kings XI Punjab,30.0,303.84,16.67,50.0,40.0,60.0,0
548360,Mumbai Indians,Royal Challengers Bangalore,Royal Challengers Bangalore,field,Wankhede Stadium,Royal Challengers Bangalore,56.25,320.64,62.69,30.0,80.0,60.0,1
548329,Deccan Chargers,Delhi Daredevils,Deccan Chargers,bat,"Rajiv Gandhi International Stadium, Uppal",Delhi Daredevils,36.36,303.84,16.67,66.67,20.0,80.0,0
548361,Rajasthan Royals,Chennai Super Kings,Chennai Super Kings,field,Sawai Mansingh Stadium,Chennai Super Kings,44.83,303.49,68.09,50.0,40.0,40.0,1
548362,Pune Warriors,Royal Challengers Bangalore,Pune Warriors,field,Subrata Roy Sahara Stadium,Royal Challengers Bangalore,50.0,283.0,26.67,100.0,0.0,60.0,0
548363,Kolkata Knight Riders,Mumbai Indians,Mumbai Indians,bat,Eden Gardens,Mumbai Indians,32.35,307.25,60.81,76.92,100.0,60.0,1
548364,Chennai Super Kings,Delhi Daredevils,Chennai Super Kings,field,"MA Chidambaram Stadium, Chepauk",Chennai Super Kings,66.67,318.27,70.21,28.57,40.0,80.0,1
548365,Rajasthan Royals,Pune Warriors,Rajasthan Royals,bat,Sawai Mansingh Stadium,Rajasthan Royals,80.0,303.49,68.09,50.0,40.0,0.0,1
548366,Kings XI Punjab,Deccan Chargers,Deccan Chargers,bat,"Punjab Cricket Association Stadium, Mohali",Kings XI Punjab,70.0,313.91,51.43,50.0,60.0,20.0,0
548367,Royal Challengers Bangalore,Mumbai Indians,Mumbai Indians,field,M Chinnaswamy Stadium,Mumbai Indians,43.75,311.74,47.54,80.0,60.0,80.0,1
548368,Kolkata Knight Riders,Chennai Super Kings,Chennai Super Kings,field,Eden Gardens,Chennai Super Kings,34.48,307.25,60.81,45.45,80.0,60.0,1
548369,Delhi Daredevils,Kings XI Punjab,Kings XI Punjab,bat,Feroz Shah Kotla,Delhi Daredevils,40.91,307.02,41.07,44.44,60.0,80.0,0
548370,Mumbai Indians,Kolkata Knight Riders,Mumbai Indians,field,Wankhede Stadium,Kolkata Knight Riders,67.65,320.64,62.69,11.11,80.0,60.0,0
548371,Kings XI Punjab,Chennai Super Kings,Kings XI Punjab,field,Himachal Pradesh Cricket Association Stadium,Kings XI Punjab,39.13,321.89,55.56,50.0,60.0,80.0,1
548372,Delhi Daredevils,Royal Challengers Bangalore,Delhi Daredevils,field,Feroz Shah Kotla,Royal Challengers Bangalore,30.0,307.02,41.07,71.43,60.0,60.0,0
548373,Deccan Chargers,Rajasthan Royals,Rajasthan Royals,bat,"Rajiv Gandhi International Stadium, Uppal",Deccan Chargers,22.22,303.84,16.67,50.0,20.0,60.0,0
548374,Kings XI Punjab,Delhi Daredevils,Delhi Daredevils,field,Himachal Pradesh Cricket Association Stadium,Delhi Daredevils,59.09,321.89,55.56,33.33,60.0,40.0,1
548375,Pune Warriors,Kolkata Knight Riders,Kolkata Knight Riders,bat,Subrata Roy Sahara Stadium,Kolkata Knight Riders,20.0,283.0,26.67,100.0,0.0,60.0,1
548376,Deccan Chargers,Royal Challengers Bangalore,Royal Challengers Bangalore,field,"Rajiv Gandhi International Stadium, Uppal",Deccan Chargers,54.55,303.84,16.67,25.0,20.0,80.0,0
548377,Rajasthan Royals,Mumbai Indians,Rajasthan Royals,bat,Sawai Mansingh Stadium,Mumbai Indians,48.28,303.49,68.09,28.57,60.0,60.0,0
548378,Delhi Daredevils,Kolkata Knight Riders,Kolkata Knight Riders,bat,Subrata Roy Sahara Stadium,Kolkata Knight Riders,38.1,283.0,33.33,100.0,40.0,60.0,1
548379,Chennai Super Kings,Mumbai Indians,Mumbai Indians,field,M Chinnaswamy Stadium,Chennai Super Kings,45.95,311.74,57.14,80.0,60.0,60.0,0
548380,Delhi Daredevils,Chennai Super Kings,Delhi Daredevils,field,"MA Chidambaram Stadium, Chepauk",Chennai Super Kings,33.33,318.27,28.57,70.21,40.0,80.0,0
548381,Kolkata Knight Riders,Chennai Super Kings,Chennai Super Kings,bat,"MA Chidambaram Stadium, Chepauk",Kolkata Knight Riders,34.48,318.27,28.57,70.21,60.0,80.0,0
597998,Kolkata Knight Riders,Delhi Daredevils,Kolkata Knight Riders,field,Eden Gardens,Kolkata Knight Riders,61.9,307.25,60.81,12.5,80.0,40.0,1
597999,Royal Challengers Bangalore,Mumbai Indians,Mumbai Indians,field,M Chinnaswamy Stadium,Royal Challengers Bangalore,43.75,311.74,47.54,80.0,60.0,60.0,0
598000,Sunrisers Hyderabad,Pune Warriors,Pune Warriors,field,"Rajiv Gandhi International Stadium, Uppal",Sunrisers Hyderabad,100.0,303.84,66.67,50.0,50.0,0.0,0
598001,Delhi Daredevils,Rajasthan Royals,Rajasthan Royals,bat,Feroz Shah Kotla,Rajasthan Royals,38.89,307.02,41.07,57.14,20.0,40.0,1
598002,Chennai Super Kings,Mumbai Indians,Mumbai Indians,bat,"MA Chidambaram Stadium, Chepauk",Mumbai Indians,45.95,318.27,70.21,50.0,60.0,40.0,1
598003,Pune Warriors,Kings XI Punjab,Pune Warriors,bat,Subrata Roy Sahara Stadium,Kings XI Punjab,50.0,283.0,26.67,50.0,0.0,60.0,0
598004,Sunrisers Hyderabad,Royal Challengers Bangalore,Royal Challengers Bangalore,bat,"Rajiv Gandhi International Stadium, Uppal",Sunrisers Hyderabad,54.55,303.84,66.67,25.0,100.0,60.0,0
598005,Rajasthan Royals,Kolkata Knight Riders,Kolkata Knight Riders,field,Sawai Mansingh Stadium,Rajasthan Royals,50.0,303.49,68.09,50.0,40.0,100.0,0
598006,Mumbai Indians,Delhi Daredevils,Mumbai Indians,bat,Wankhede Stadium,Mumbai Indians,50.0,320.64,62.69,25.0,40.0,20.0,1
598048,Royal Challengers Bangalore,Sunrisers Hyderabad,Sunrisers Hyderabad,bat,M Chinnaswamy Stadium,Royal Challengers Bangalore,45.45,311.74,47.54,33.33,40.0,60.0,0
598007,Kings XI Punjab,Chennai Super Kings,Chennai Super Kings,field,"Punjab Cricket Association Stadium, Mohali",Chennai Super Kings,39.13,313.91,51.43,75.0,60.0,40.0,1
598008,Royal Challengers Bangalore,Kolkata Knight Riders,Royal Challengers Bangalore,field,M Chinnaswamy Stadium,Royal Challengers Bangalore,43.75,311.74,47.54,54.55,40.0,80.0,1
598009,Pune Warriors,Rajasthan Royals,Rajasthan Royals,bat,Subrata Roy Sahara Stadium,Pune Warriors,20.0,283.0,26.67,50.0,0.0,60.0,0
598010,Delhi Daredevils,Sunrisers Hyderabad,Delhi Daredevils,bat,Feroz Shah Kotla,Sunrisers Hyderabad,33.33,307.02,41.07,66.67,0.0,100.0,0
598011,Mumbai Indians,Pune Warriors,Mumbai Indians,bat,Wankhede Stadium,Mumbai Indians,83.33,320.64,62.69,33.33,60.0,20.0,1
598012,Chennai Super Kings,Royal Challengers Bangalore,Chennai Super Kings,field,"MA Chidambaram Stadium, Chepauk",Chennai Super Kings,66.67,318.27,70.21,25.0,60.0,60.0,1
598013,Kolkata Knight Riders,Sunrisers Hyderabad,Kolkata Knight Riders,bat,Eden Gardens,Kolkata Knight Riders,67.86,307.25,60.81,25.0,60.0,100.0,1
598014,Rajasthan Royals,Kings XI Punjab,Rajasthan Royals,field,Sawai Mansingh Stadium,Rajasthan Royals,57.14,303.49,68.09,16.67,40.0,40.0,1
598015,Chennai Super Kings,Pune Warriors,Pune Warriors,bat,"MA Chidambaram Stadium, Chepauk",Pune Warriors,66.67,318.27,70.21,33.33,60.0,20.0,1
598016,Kings XI Punjab,Kolkata Knight Riders,Kolkata Knight Riders,field,"Punjab Cricket Association Stadium, Mohali",Kings XI Punjab,33.33,313.91,51.43,50.0,40.0,60.0,0
598017,Royal Challengers Bangalore,Delhi Daredevils,Royal Challengers Bangalore,field,M Chinnaswamy Stadium,Royal Challengers Bangalore,70.0,311.74,47.54,42.86,40.0,0.0,1
598018,Pune Warriors,Sunrisers Hyderabad,Pune Warriors,field,Maharashtra Cricket Association Stadium,Sunrisers Hyderabad,50.0,318.5,50.0,33.33,40.0,75.0,0
598019,Rajasthan Royals,Mumbai Indians,Rajasthan Royals,bat,Sawai Mansingh Stadium,Rajasthan Royals,48.28,303.49,68.09,28.57,60.0,60.0,1
598020,Delhi Daredevils,Chennai Super Kings,Chennai Super Kings,bat,Feroz Shah Kotla,Chennai Super Kings,33.33,307.02,41.07,83.33,0.0,40.0,1
598021,Sunrisers Hyderabad,Kings XI Punjab,Kings XI Punjab,bat,"Rajiv Gandhi International Stadium, Uppal",Sunrisers Hyderabad,68.75,303.84,66.67,50.0,80.0,40.0,0
598022,Kolkata Knight Riders,Chennai Super Kings,Kolkata Knight Riders,bat,Eden Gardens,Chennai Super Kings,34.48,307.25,60.81,45.45,40.0,60.0,0
598023,Royal Challengers Bangalore,Rajasthan Royals,Royal Challengers Bangalore,field,M Chinnaswamy Stadium,Royal Challengers Bangalore,55.56,311.74,47.54,50.0,60.0,80.0,1
598024,Delhi Daredevils,Mumbai Indians,Mumbai Indians,bat,Feroz Shah Kotla,Delhi Daredevils,50.0,307.02,41.07,33.33,0.0,60.0,0
598025,Kings XI Punjab,Pune Warriors,Kings XI Punjab,field,"Punjab Cricket Association Stadium, Mohali",Kings XI Punjab,50.0,313.91,51.43,33.33,40.0,40.0,1
598026,Chennai Super Kings,Rajasthan Royals,Rajasthan Royals,bat,"MA Chidambaram Stadium, Chepauk",Chennai Super Kings,55.17,318.27,70.21,16.67,80.0,60.0,0
598027,Royal Challengers Bangalore,Pune Warriors,Pune Warriors,field,M Chinnaswamy Stadium,Royal Challengers Bangalore,100.0,311.74,47.54,50.0,60.0,40.0,0
598059,Delhi Daredevils,Kings XI Punjab,Kings XI Punjab,field,Feroz Shah Kotla,Kings XI Punjab,40.91,307.02,41.07,44.44,40.0,20.0,1
598029,Kolkata Knight Riders,Mumbai Indians,Kolkata Knight Riders,bat,Eden Gardens,Mumbai Indians,32.35,307.25,60.81,76.92,20.0,60.0,0
598030,Chennai Super Kings,Sunrisers Hyderabad,Sunrisers Hyderabad,bat,"MA Chidambaram Stadium, Chepauk",Chennai Super Kings,71.43,318.27,70.21,50.0,80.0,80.0,0
598031,Kolkata Knight Riders,Kings XI Punjab,Kings XI Punjab,bat,Eden Gardens,Kolkata Knight Riders,66.67,307.25,60.81,27.27,20.0,60.0,0
598032,Rajasthan Royals,Sunrisers Hyderabad,Sunrisers Hyderabad,bat,Sawai Mansingh Stadium,Rajasthan Royals,45.0,303.49,68.09,33.33,40.0,60.0,0
598033,Mumbai Indians,Royal Challengers Bangalore,Mumbai Indians,bat,Wankhede Stadium,Mumbai Indians,56.25,320.64,62.69,30.0,60.0,80.0,1
598034,Chennai Super Kings,Kolkata Knight Riders,Kolkata Knight Riders,field,"MA Chidambaram Stadium, Chepauk",Chennai Super Kings,65.52,318.27,70.21,28.57,80.0,40.0,0
598035,Delhi Daredevils,Pune Warriors,Pune Warriors,field,Shaheed Veer Narayan Singh International Stadium,Delhi Daredevils,60.0,290.17,66.67,50.0,20.0,20.0,0
598036,Rajasthan Royals,Royal Challengers Bangalore,Rajasthan Royals,field,Sawai Mansingh Stadium,Rajasthan Royals,44.44,303.49,68.09,42.86,60.0,60.0,1
598037,Mumbai Indians,Kings XI Punjab,Mumbai Indians,bat,Wankhede Stadium,Mumbai Indians,53.85,320.64,62.69,45.45,60.0,60.0,1
598038,Pune Warriors,Chennai Super Kings,Chennai Super Kings,bat,Subrata Roy Sahara Stadium,Chennai Super Kings,33.33,283.0,26.67,50.0,20.0,100.0,1
598039,Sunrisers Hyderabad,Mumbai Indians,Mumbai Indians,bat,"Rajiv Gandhi International Stadium, Uppal",Sunrisers Hyderabad,43.48,303.84,66.67,62.5,40.0,60.0,0
598040,Delhi Daredevils,Kolkata Knight Riders,Kolkata Knight Riders,bat,Shaheed Veer Narayan Singh International Stadium,Delhi Daredevils,38.1,290.17,66.67,50.0,40.0,20.0,0
598041,Chennai Super Kings,Kings XI Punjab,Chennai Super Kings,bat,"MA Chidambaram Stadium, Chepauk",Chennai Super Kings,60.87,318.27,70.21,40.0,100.0,40.0,1
598042,Pune Warriors,Royal Challengers Bangalore,Royal Challengers Bangalore,bat,Subrata Roy Sahara Stadium,Royal Challengers Bangalore,50.0,283.0,26.67,100.0,0.0,60.0,1
598043,Kolkata Knight Riders,Rajasthan Royals,Rajasthan Royals,bat,Eden Gardens,Kolkata Knight Riders,50.0,307.25,60.81,22.22,20.0,60.0,0
598044,Sunrisers Hyderabad,Delhi Daredevils,Delhi Daredevils,bat,"Rajiv Gandhi International Stadium, Uppal",Sunrisers Hyderabad,66.67,303.84,66.67,66.67,60.0,60.0,0
598046,Mumbai Indians,Chennai Super Kings,Mumbai Indians,bat,Wankhede Stadium,Mumbai Indians,54.05,320.64,62.69,50.0,60.0,100.0,1
598047,Rajasthan Royals,Pune Warriors,Pune Warriors,bat,Sawai Mansingh Stadium,Rajasthan Royals,80.0,303.49,68.09,50.0,40.0,0.0,0
598064,Kings XI Punjab,Royal Challengers Bangalore,Kings XI Punjab,field,"Punjab Cricket Association Stadium, Mohali",Kings XI Punjab,53.85,313.91,51.43,40.0,40.0,60.0,1
598049,Rajasthan Royals,Delhi Daredevils,Delhi Daredevils,bat,Sawai Mansingh Stadium,Rajasthan Royals,61.11,303.49,68.09,20.0,60.0,60.0,0
598050,Mumbai Indians,Kolkata Knight Riders,Mumbai Indians,bat,Wankhede Stadium,Mumbai Indians,67.65,320.64,62.69,11.11,80.0,40.0,1
598051,Sunrisers Hyderabad,Chennai Super Kings,Sunrisers Hyderabad,field,"Rajiv Gandhi International Stadium, Uppal",Chennai Super Kings,28.57,303.84,66.67,66.67,40.0,80.0,0
598052,Kings XI Punjab,Rajasthan Royals,Rajasthan Royals,field,"Punjab Cricket Association Stadium, Mohali",Rajasthan Royals,42.86,313.91,51.43,50.0,40.0,80.0,1
598053,Pune Warriors,Kolkata Knight Riders,Kolkata Knight Riders,bat,Subrata Roy Sahara Stadium,Kolkata Knight Riders,20.0,283.0,26.67,100.0,0.0,40.0,1
598054,Delhi Daredevils,Royal Challengers Bangalore,Delhi Daredevils,field,Feroz Shah Kotla,Royal Challengers Bangalore,30.0,307.02,41.07,71.43,40.0,40.0,0
598055,Pune Warriors,Mumbai Indians,Pune Warriors,bat,Subrata Roy Sahara Stadium,Mumbai Indians,16.67,283.0,26.67,100.0,0.0,80.0,0
598056,Kings XI Punjab,Sunrisers Hyderabad,Kings XI Punjab,field,"Punjab Cricket Association Stadium, Mohali",Sunrisers Hyderabad,31.25,313.91,51.43,100.0,20.0,40.0,0
598057,Kolkata Knight Riders,Royal Challengers Bangalore,Kolkata Knight Riders,field,JSCA International Stadium Complex,Kolkata Knight Riders,56.25,293.71,33.33,33.33,40.0,60.0,1
598058,Rajasthan Royals,Chennai Super Kings,Rajasthan Royals,field,Sawai Mansingh Stadium,Rajasthan Royals,44.83,303.49,68.09,50.0,80.0,80.0,1
598060,Mumbai Indians,Sunrisers Hyderabad,Sunrisers Hyderabad,bat,Wankhede Stadium,Mumbai Indians,56.52,320.64,62.69,14.29,80.0,60.0,0
598045,Royal Challengers Bangalore,Kings XI Punjab,Kings XI Punjab,field,M Chinnaswamy Stadium,Kings XI Punjab,46.15,311.74,47.54,50.0,60.0,40.0,1
598062,Chennai Super Kings,Delhi Daredevils,Chennai Super Kings,bat,"MA Chidambaram Stadium, Chepauk",Chennai Super Kings,66.67,318.27,70.21,28.57,60.0,20.0,1
598061,Kolkata Knight Riders,Pune Warriors,Kolkata Knight Riders,field,JSCA International Stadium Complex,Pune Warriors,80.0,293.71,33.33,100.0,60.0,0.0,0
598063,Mumbai Indians,Rajasthan Royals,Rajasthan Royals,field,Wankhede Stadium,Mumbai Indians,51.72,320.64,62.69,50.0,80.0,80.0,0
598028,Kings XI Punjab,Delhi Daredevils,Delhi Daredevils,field,Himachal Pradesh Cricket Association Stadium,Kings XI Punjab,59.09,321.89,55.56,33.33,40.0,20.0,0
598065,Sunrisers Hyderabad,Rajasthan Royals,Sunrisers Hyderabad,bat,"Rajiv Gandhi International Stadium, Uppal",Sunrisers Hyderabad,55.0,303.84,66.67,50.0,40.0,80.0,1
598066,Kings XI Punjab,Mumbai Indians,Mumbai Indians,field,Himachal Pradesh Cricket Association Stadium,Kings XI Punjab,46.15,321.89,55.56,50.0,60.0,100.0,0
598068,Royal Challengers Bangalore,Chennai Super Kings,Chennai Super Kings,field,M Chinnaswamy Stadium,Royal Challengers Bangalore,33.33,311.74,47.54,57.14,40.0,60.0,0
598067,Pune Warriors,Delhi Daredevils,Pune Warriors,bat,Subrata Roy Sahara Stadium,Pune Warriors,40.0,283.0,26.67,33.33,20.0,0.0,1
598069,Sunrisers Hyderabad,Kolkata Knight Riders,Kolkata Knight Riders,bat,"Rajiv Gandhi International Stadium, Uppal",Sunrisers Hyderabad,32.14,303.84,66.67,66.67,40.0,60.0,0
598070,Chennai Super Kings,Mumbai Indians,Chennai Super Kings,bat,Feroz Shah Kotla,Chennai Super Kings,45.95,307.02,83.33,33.33,40.0,80.0,1
598071,Rajasthan Royals,Sunrisers Hyderabad,Sunrisers Hyderabad,bat,Feroz Shah Kotla,Rajasthan Royals,45.0,307.02,57.14,66.67,60.0,60.0,0
598072,Mumbai Indians,Rajasthan Royals,Rajasthan Royals,bat,Eden Gardens,Mumbai Indians,51.72,307.25,76.92,22.22,60.0,60.0,0
598073,Chennai Super Kings,Mumbai Indians,Mumbai Indians,bat,Eden Gardens,Mumbai Indians,45.95,307.25,45.45,76.92,60.0,60.0,1
729279,Mumbai Indians,Kolkata Knight Riders,Kolkata Knight Riders,bat,Sheikh Zayed Stadium,Kolkata Knight Riders,67.65,305.41,66.67,54.55,60.0,40.0,1
729281,Delhi Daredevils,Royal Challengers Bangalore,Royal Challengers Bangalore,field,Sharjah Cricket Stadium,Royal Challengers Bangalore,30.0,306.54,50.0,37.5,0.0,60.0,1
729283,Chennai Super Kings,Kings XI Punjab,Chennai Super Kings,bat,Sheikh Zayed Stadium,Kings XI Punjab,60.87,305.41,50.0,33.33,40.0,60.0,0
729285,Sunrisers Hyderabad,Rajasthan Royals,Rajasthan Royals,field,Sheikh Zayed Stadium,Rajasthan Royals,55.0,305.41,33.33,75.0,60.0,40.0,1
729287,Royal Challengers Bangalore,Mumbai Indians,Royal Challengers Bangalore,field,Dubai International Cricket Stadium,Royal Challengers Bangalore,43.75,314.13,66.67,30.0,60.0,40.0,1
729289,Kolkata Knight Riders,Delhi Daredevils,Kolkata Knight Riders,bat,Dubai International Cricket Stadium,Delhi Daredevils,61.9,314.13,42.86,50.0,60.0,0.0,0
729291,Rajasthan Royals,Kings XI Punjab,Kings XI Punjab,field,Sharjah Cricket Stadium,Kings XI Punjab,57.14,306.54,33.33,80.0,40.0,80.0,1
729293,Chennai Super Kings,Delhi Daredevils,Chennai Super Kings,bat,Sheikh Zayed Stadium,Chennai Super Kings,66.67,305.41,50.0,50.0,40.0,20.0,1
729295,Kings XI Punjab,Sunrisers Hyderabad,Sunrisers Hyderabad,field,Sharjah Cricket Stadium,Kings XI Punjab,31.25,306.54,80.0,28.57,100.0,40.0,0
729297,Rajasthan Royals,Chennai Super Kings,Rajasthan Royals,field,Dubai International Cricket Stadium,Chennai Super Kings,44.83,314.13,20.0,64.29,40.0,40.0,0
729299,Royal Challengers Bangalore,Kolkata Knight Riders,Royal Challengers Bangalore,field,Sharjah Cricket Stadium,Kolkata Knight Riders,43.75,306.54,37.5,62.5,60.0,40.0,0
729301,Sunrisers Hyderabad,Delhi Daredevils,Sunrisers Hyderabad,bat,Dubai International Cricket Stadium,Sunrisers Hyderabad,66.67,314.13,53.85,50.0,40.0,20.0,1
729303,Chennai Super Kings,Mumbai Indians,Mumbai Indians,bat,Dubai International Cricket Stadium,Chennai Super Kings,45.95,314.13,64.29,30.0,60.0,40.0,0
729305,Rajasthan Royals,Royal Challengers Bangalore,Rajasthan Royals,field,Sheikh Zayed Stadium,Rajasthan Royals,44.44,305.41,75.0,33.33,40.0,60.0,1
729307,Kolkata Knight Riders,Kings XI Punjab,Kolkata Knight Riders,field,Sheikh Zayed Stadium,Kings XI Punjab,66.67,305.41,54.55,33.33,40.0,100.0,0
729309,Delhi Daredevils,Mumbai Indians,Mumbai Indians,bat,Sharjah Cricket Stadium,Delhi Daredevils,50.0,306.54,50.0,50.0,20.0,40.0,0
729311,Sunrisers Hyderabad,Chennai Super Kings,Sunrisers Hyderabad,bat,Sharjah Cricket Stadium,Chennai Super Kings,28.57,306.54,28.57,50.0,40.0,60.0,0
729313,Kings XI Punjab,Royal Challengers Bangalore,Kings XI Punjab,field,Dubai International Cricket Stadium,Kings XI Punjab,53.85,314.13,62.5,66.67,100.0,60.0,1
729315,Kolkata Knight Riders,Rajasthan Royals,Rajasthan Royals,bat,Sheikh Zayed Stadium,Rajasthan Royals,50.0,305.41,54.55,75.0,40.0,40.0,1
729317,Mumbai Indians,Sunrisers Hyderabad,Mumbai Indians,field,Dubai International Cricket Stadium,Sunrisers Hyderabad,56.52,314.13,30.0,53.85,20.0,20.0,0
733971,Chennai Super Kings,Kolkata Knight Riders,Chennai Super Kings,bat,JSCA International Stadium Complex,Chennai Super Kings,65.52,293.71,60.0,33.33,80.0,40.0,1
733973,Mumbai Indians,Kings XI Punjab,Kings XI Punjab,bat,Wankhede Stadium,Mumbai Indians,53.85,320.64,62.69,45.45,0.0,100.0,0
733975,Delhi Daredevils,Rajasthan Royals,Rajasthan Royals,field,Feroz Shah Kotla,Rajasthan Royals,38.89,307.02,41.07,57.14,40.0,60.0,1
733977,Royal Challengers Bangalore,Sunrisers Hyderabad,Royal Challengers Bangalore,field,M Chinnaswamy Stadium,Royal Challengers Bangalore,45.45,311.74,47.54,33.33,40.0,40.0,1
733979,Rajasthan Royals,Kolkata Knight Riders,Kolkata Knight Riders,field,"Sardar Patel Stadium, Motera",Rajasthan Royals,50.0,313.92,58.33,50.0,60.0,20.0,0
733981,Delhi Daredevils,Chennai Super Kings,Chennai Super Kings,field,Feroz Shah Kotla,Chennai Super Kings,33.33,307.02,41.07,83.33,40.0,100.0,1
733983,Mumbai Indians,Royal Challengers Bangalore,Royal Challengers Bangalore,field,Wankhede Stadium,Mumbai Indians,56.25,320.64,62.69,30.0,20.0,40.0,0
733985,Delhi Daredevils,Kolkata Knight Riders,Delhi Daredevils,bat,Feroz Shah Kotla,Kolkata Knight Riders,38.1,307.02,41.07,62.5,20.0,20.0,0
733987,Kings XI Punjab,Chennai Super Kings,Chennai Super Kings,field,Barabati Stadium,Kings XI Punjab,39.13,325.43,33.33,50.0,80.0,100.0,0
733989,Rajasthan Royals,Sunrisers Hyderabad,Rajasthan Royals,field,"Sardar Patel Stadium, Motera",Sunrisers Hyderabad,45.0,313.92,58.33,100.0,80.0,40.0,0
733991,Royal Challengers Bangalore,Kings XI Punjab,Royal Challengers Bangalore,field,M Chinnaswamy Stadium,Kings XI Punjab,46.15,311.74,47.54,50.0,20.0,80.0,0
733993,Delhi Daredevils,Sunrisers Hyderabad,Sunrisers Hyderabad,field,Feroz Shah Kotla,Sunrisers Hyderabad,33.33,307.02,41.07,66.67,20.0,60.0,1
733995,Mumbai Indians,Chennai Super Kings,Chennai Super Kings,field,Wankhede Stadium,Chennai Super Kings,54.05,320.64,62.69,50.0,40.0,80.0,1
733997,Kings XI Punjab,Kolkata Knight Riders,Kolkata Knight Riders,field,Barabati Stadium,Kolkata Knight Riders,33.33,325.43,33.33,100.0,80.0,20.0,1
733999,Royal Challengers Bangalore,Rajasthan Royals,Royal Challengers Bangalore,bat,M Chinnaswamy Stadium,Rajasthan Royals,55.56,311.74,47.54,50.0,20.0,80.0,0
734001,Sunrisers Hyderabad,Mumbai Indians,Sunrisers Hyderabad,bat,"Rajiv Gandhi International Stadium, Uppal",Mumbai Indians,43.48,303.84,66.67,62.5,60.0,40.0,0
734003,Chennai Super Kings,Rajasthan Royals,Rajasthan Royals,bat,JSCA International Stadium Complex,Chennai Super Kings,55.17,293.71,60.0,50.0,80.0,80.0,0
734005,Royal Challengers Bangalore,Delhi Daredevils,Delhi Daredevils,field,M Chinnaswamy Stadium,Royal Challengers Bangalore,70.0,311.74,47.54,42.86,20.0,20.0,0
734007,Sunrisers Hyderabad,Kings XI Punjab,Kings XI Punjab,field,"Rajiv Gandhi International Stadium, Uppal",Kings XI Punjab,68.75,303.84,66.67,50.0,60.0,60.0,1
734009,Kolkata Knight Riders,Mumbai Indians,Kolkata Knight Riders,field,Barabati Stadium,Kolkata Knight Riders,32.35,325.43,100.0,50.0,40.0,60.0,1
734011,Rajasthan Royals,Delhi Daredevils,Delhi Daredevils,field,"Sardar Patel Stadium, Motera",Rajasthan Royals,61.11,313.92,58.33,50.0,60.0,0.0,0
734013,Chennai Super Kings,Royal Challengers Bangalore,Chennai Super Kings,bat,JSCA International Stadium Complex,Royal Challengers Bangalore,66.67,293.71,60.0,33.33,80.0,40.0,0
734015,Sunrisers Hyderabad,Kolkata Knight Riders,Sunrisers Hyderabad,bat,"Rajiv Gandhi International Stadium, Uppal",Kolkata Knight Riders,32.14,303.84,66.67,66.67,40.0,60.0,0
734017,Rajasthan Royals,Mumbai Indians,Mumbai Indians,bat,"Sardar Patel Stadium, Motera",Mumbai Indians,48.28,313.92,58.33,50.0,60.0,60.0,1
734019,Delhi Daredevils,Kings XI Punjab,Kings XI Punjab,field,Feroz Shah Kotla,Kings XI Punjab,40.91,307.02,41.07,44.44,0.0,60.0,1
734021,Sunrisers Hyderabad,Royal Challengers Bangalore,Royal Challengers Bangalore,bat,"Rajiv Gandhi International Stadium, Uppal",Sunrisers Hyderabad,54.55,303.84,66.67,25.0,40.0,40.0,0
734023,Kolkata Knight Riders,Chennai Super Kings,Kolkata Knight Riders,field,Eden Gardens,Kolkata Knight Riders,34.48,307.25,60.81,45.45,80.0,60.0,1
734025,Kings XI Punjab,Mumbai Indians,Mumbai Indians,field,"Punjab Cricket Association Stadium, Mohali",Mumbai Indians,46.15,313.91,51.43,50.0,80.0,60.0,1
734027,Kolkata Knight Riders,Royal Challengers Bangalore,Royal Challengers Bangalore,field,Eden Gardens,Kolkata Knight Riders,56.25,307.25,60.81,40.0,100.0,40.0,0
734029,Chennai Super Kings,Sunrisers Hyderabad,Sunrisers Hyderabad,field,JSCA International Stadium Complex,Sunrisers Hyderabad,71.43,293.71,60.0,100.0,40.0,40.0,1
734031,Mumbai Indians,Delhi Daredevils,Delhi Daredevils,field,Wankhede Stadium,Mumbai Indians,50.0,320.64,62.69,25.0,60.0,0.0,0
734033,Kings XI Punjab,Rajasthan Royals,Rajasthan Royals,field,"Punjab Cricket Association Stadium, Mohali",Kings XI Punjab,42.86,313.91,51.43,50.0,60.0,40.0,0
734035,Royal Challengers Bangalore,Chennai Super Kings,Chennai Super Kings,field,M Chinnaswamy Stadium,Chennai Super Kings,33.33,311.74,47.54,57.14,40.0,40.0,1
734037,Kolkata Knight Riders,Sunrisers Hyderabad,Kolkata Knight Riders,field,Eden Gardens,Kolkata Knight Riders,67.86,307.25,60.81,25.0,100.0,40.0,1
734039,Kings XI Punjab,Delhi Daredevils,Kings XI Punjab,field,"Punjab Cricket Association Stadium, Mohali",Kings XI Punjab,59.09,313.91,51.43,33.33,60.0,0.0,1
734041,Mumbai Indians,Rajasthan Royals,Mumbai Indians,field,Wankhede Stadium,Mumbai Indians,51.72,320.64,62.69,50.0,80.0,40.0,1
734043,Kings XI Punjab,Kolkata Knight Riders,Kings XI Punjab,field,Eden Gardens,Kolkata Knight Riders,33.33,307.25,27.27,60.81,80.0,100.0,0
734045,Chennai Super Kings,Mumbai Indians,Chennai Super Kings,field,Brabourne Stadium,Chennai Super Kings,45.95,348.1,100.0,71.43,40.0,80.0,1
734047,Chennai Super Kings,Kings XI Punjab,Chennai Super Kings,field,Wankhede Stadium,Kings XI Punjab,60.87,320.64,50.0,45.45,40.0,60.0,0
734049,Kolkata Knight Riders,Kings XI Punjab,Kolkata Knight Riders,field,M Chinnaswamy Stadium,Kolkata Knight Riders,66.67,311.74,54.55,50.0,100.0,60.0,1
829705,Kolkata Knight Riders,Mumbai Indians,Kolkata Knight Riders,field,Eden Gardens,Kolkata Knight Riders,32.35,307.25,60.81,76.92,100.0,80.0,1
829707,Chennai Super Kings,Delhi Daredevils,Delhi Daredevils,field,"MA Chidambaram Stadium, Chepauk",Chennai Super Kings,66.67,318.27,70.21,28.57,40.0,0.0,0
829709,Kings XI Punjab,Rajasthan Royals,Kings XI Punjab,field,Maharashtra Cricket Association Stadium,Rajasthan Royals,42.86,318.5,50.0,33.33,60.0,20.0,0
829711,Chennai Super Kings,Sunrisers Hyderabad,Chennai Super Kings,bat,"MA Chidambaram Stadium, Chepauk",Chennai Super Kings,71.43,318.27,70.21,50.0,60.0,40.0,1
829713,Kolkata Knight Riders,Royal Challengers Bangalore,Royal Challengers Bangalore,field,Eden Gardens,Royal Challengers Bangalore,56.25,307.25,60.81,40.0,100.0,40.0,1
829715,Delhi Daredevils,Rajasthan Royals,Rajasthan Royals,field,Feroz Shah Kotla,Rajasthan Royals,38.89,307.02,41.07,57.14,0.0,40.0,1
829717,Mumbai Indians,Kings XI Punjab,Mumbai Indians,field,Wankhede Stadium,Kings XI Punjab,53.85,320.64,62.69,45.45,60.0,40.0,0
829719,Royal Challengers Bangalore,Sunrisers Hyderabad,Sunrisers Hyderabad,field,M Chinnaswamy Stadium,Sunrisers Hyderabad,45.45,311.74,47.54,33.33,40.0,40.0,1
829721,Rajasthan Royals,Mumbai Indians,Mumbai Indians,bat,"Sardar Patel Stadium, Motera",Rajasthan Royals,48.28,313.92,58.33,50.0,40.0,40.0,0
829725,Kings XI Punjab,Delhi Daredevils,Kings XI Punjab,bat,Maharashtra Cricket Association Stadium,Delhi Daredevils,59.09,318.5,50.0,66.67,40.0,0.0,0
829727,Sunrisers Hyderabad,Rajasthan Royals,Rajasthan Royals,field,Dr. Y.S. Rajasekhara Reddy ACA-VDCA Cricket Stadium,Rajasthan Royals,55.0,288.15,50.0,100.0,60.0,60.0,1
829729,Mumbai Indians,Chennai Super Kings,Mumbai Indians,bat,Wankhede Stadium,Chennai Super Kings,54.05,320.64,62.69,50.0,20.0,60.0,0
829731,Sunrisers Hyderabad,Delhi Daredevils,Delhi Daredevils,bat,Dr. Y.S. Rajasekhara Reddy ACA-VDCA Cricket Stadium,Delhi Daredevils,66.67,288.15,50.0,33.33,40.0,20.0,1
829733,Kings XI Punjab,Kolkata Knight Riders,Kolkata Knight Riders,field,Maharashtra Cricket Association Stadium,Kolkata Knight Riders,33.33,318.5,50.0,100.0,40.0,80.0,1
829735,Rajasthan Royals,Chennai Super Kings,Chennai Super Kings,bat,"Sardar Patel Stadium, Motera",Rajasthan Royals,44.83,313.92,58.33,50.0,80.0,60.0,0
829737,Royal Challengers Bangalore,Mumbai Indians,Royal Challengers Bangalore,field,M Chinnaswamy Stadium,Mumbai Indians,43.75,311.74,47.54,80.0,20.0,0.0,0
829739,Delhi Daredevils,Kolkata Knight Riders,Kolkata Knight Riders,field,Feroz Shah Kotla,Kolkata Knight Riders,38.1,307.02,41.07,62.5,40.0,80.0,1
829741,Rajasthan Royals,Kings XI Punjab,Kings XI Punjab,field,"Sardar Patel Stadium, Motera",Kings XI Punjab,57.14,313.92,58.33,100.0,100.0,20.0,1
829743,Sunrisers Hyderabad,Kolkata Knight Riders,Kolkata Knight Riders,field,Dr. Y.S. Rajasekhara Reddy ACA-VDCA Cricket Stadium,Sunrisers Hyderabad,32.14,288.15,50.0,50.0,20.0,80.0,0
829745,Royal Challengers Bangalore,Chennai Super Kings,Royal Challengers Bangalore,field,M Chinnaswamy Stadium,Chennai Super Kings,33.33,311.74,47.54,57.14,20.0,60.0,0
829747,Delhi Daredevils,Mumbai Indians,Mumbai Indians,field,Feroz Shah Kotla,Delhi Daredevils,50.0,307.02,41.07,33.33,40.0,20.0,0
829749,Rajasthan Royals,Royal Challengers Bangalore,Royal Challengers Bangalore,field,"Sardar Patel Stadium, Motera",Royal Challengers Bangalore,44.44,313.92,58.33,100.0,80.0,20.0,1
829751,Mumbai Indians,Sunrisers Hyderabad,Mumbai Indians,bat,Wankhede Stadium,Mumbai Indians,56.52,320.64,62.69,14.29,20.0,40.0,1
829753,Chennai Super Kings,Kings XI Punjab,Chennai Super Kings,bat,"MA Chidambaram Stadium, Chepauk",Chennai Super Kings,60.87,318.27,70.21,40.0,60.0,40.0,1
829757,Delhi Daredevils,Royal Challengers Bangalore,Royal Challengers Bangalore,field,Feroz Shah Kotla,Royal Challengers Bangalore,30.0,307.02,41.07,71.43,60.0,40.0,1
829759,Kings XI Punjab,Sunrisers Hyderabad,Kings XI Punjab,field,"Punjab Cricket Association Stadium, Mohali",Sunrisers Hyderabad,31.25,313.91,51.43,100.0,40.0,40.0,0
829765,Chennai Super Kings,Kolkata Knight Riders,Kolkata Knight Riders,field,"MA Chidambaram Stadium, Chepauk",Chennai Super Kings,65.52,318.27,70.21,28.57,60.0,80.0,0
829723,Kolkata Knight Riders,Chennai Super Kings,Kolkata Knight Riders,field,Eden Gardens,Kolkata Knight Riders,34.48,307.25,60.81,45.45,80.0,80.0,1
829767,Delhi Daredevils,Kings XI Punjab,Delhi Daredevils,field,Feroz Shah Kotla,Delhi Daredevils,40.91,307.02,41.07,44.44,40.0,20.0,1
829769,Mumbai Indians,Rajasthan Royals,Rajasthan Royals,field,Wankhede Stadium,Mumbai Indians,51.72,320.64,62.69,50.0,40.0,40.0,0
829771,Royal Challengers Bangalore,Kolkata Knight Riders,Royal Challengers Bangalore,field,M Chinnaswamy Stadium,Royal Challengers Bangalore,43.75,311.74,47.54,54.55,40.0,60.0,1
829773,Sunrisers Hyderabad,Chennai Super Kings,Chennai Super Kings,field,"Rajiv Gandhi International Stadium, Uppal",Sunrisers Hyderabad,28.57,303.84,66.67,66.67,40.0,80.0,0
829775,Kings XI Punjab,Mumbai Indians,Mumbai Indians,bat,"Punjab Cricket Association Stadium, Mohali",Mumbai Indians,46.15,313.91,51.43,50.0,20.0,60.0,1
829777,Rajasthan Royals,Delhi Daredevils,Delhi Daredevils,field,Brabourne Stadium,Rajasthan Royals,61.11,348.1,50.0,50.0,20.0,40.0,0
829779,Chennai Super Kings,Royal Challengers Bangalore,Chennai Super Kings,bat,"MA Chidambaram Stadium, Chepauk",Chennai Super Kings,66.67,318.27,70.21,25.0,60.0,60.0,1
829781,Kolkata Knight Riders,Sunrisers Hyderabad,Sunrisers Hyderabad,field,Eden Gardens,Kolkata Knight Riders,67.86,307.25,60.81,25.0,40.0,60.0,0
829783,Mumbai Indians,Delhi Daredevils,Delhi Daredevils,bat,Wankhede Stadium,Mumbai Indians,50.0,320.64,62.69,25.0,80.0,40.0,0
829785,Royal Challengers Bangalore,Kings XI Punjab,Kings XI Punjab,field,M Chinnaswamy Stadium,Royal Challengers Bangalore,46.15,311.74,47.54,50.0,60.0,20.0,0
829761,Kolkata Knight Riders,Delhi Daredevils,Kolkata Knight Riders,bat,Eden Gardens,Kolkata Knight Riders,61.9,307.25,60.81,12.5,60.0,60.0,1
829787,Rajasthan Royals,Sunrisers Hyderabad,Rajasthan Royals,field,Brabourne Stadium,Sunrisers Hyderabad,45.0,348.1,50.0,100.0,20.0,60.0,0
829789,Chennai Super Kings,Mumbai Indians,Chennai Super Kings,bat,"MA Chidambaram Stadium, Chepauk",Mumbai Indians,45.95,318.27,70.21,50.0,80.0,80.0,0
829791,Kolkata Knight Riders,Kings XI Punjab,Kings XI Punjab,bat,Eden Gardens,Kolkata Knight Riders,66.67,307.25,60.81,27.27,40.0,0.0,0
829793,Delhi Daredevils,Sunrisers Hyderabad,Sunrisers Hyderabad,bat,Shaheed Veer Narayan Singh International Stadium,Sunrisers Hyderabad,33.33,290.17,66.67,50.0,20.0,60.0,1
829795,Mumbai Indians,Royal Challengers Bangalore,Royal Challengers Bangalore,bat,Wankhede Stadium,Royal Challengers Bangalore,56.25,320.64,62.69,30.0,100.0,60.0,1
829797,Chennai Super Kings,Rajasthan Royals,Chennai Super Kings,bat,"MA Chidambaram Stadium, Chepauk",Chennai Super Kings,55.17,318.27,70.21,16.67,60.0,20.0,1
829799,Sunrisers Hyderabad,Kings XI Punjab,Sunrisers Hyderabad,bat,"Rajiv Gandhi International Stadium, Uppal",Sunrisers Hyderabad,68.75,303.84,66.67,50.0,80.0,0.0,1
829801,Delhi Daredevils,Chennai Super Kings,Chennai Super Kings,bat,Shaheed Veer Narayan Singh International Stadium,Delhi Daredevils,33.33,290.17,66.67,50.0,20.0,60.0,0
829803,Kings XI Punjab,Royal Challengers Bangalore,Royal Challengers Bangalore,field,"Punjab Cricket Association Stadium, Mohali",Kings XI Punjab,53.85,313.91,51.43,40.0,0.0,60.0,0
829805,Mumbai Indians,Kolkata Knight Riders,Kolkata Knight Riders,field,Wankhede Stadium,Mumbai Indians,67.65,320.64,62.69,11.11,80.0,60.0,0
829807,Sunrisers Hyderabad,Royal Challengers Bangalore,Sunrisers Hyderabad,bat,"Rajiv Gandhi International Stadium, Uppal",Royal Challengers Bangalore,54.55,303.84,66.67,25.0,80.0,60.0,0
829809,Kings XI Punjab,Chennai Super Kings,Kings XI Punjab,bat,"Punjab Cricket Association Stadium, Mohali",Chennai Super Kings,39.13,313.91,51.43,75.0,20.0,40.0,0
829811,Rajasthan Royals,Kolkata Knight Riders,Rajasthan Royals,bat,Brabourne Stadium,Rajasthan Royals,50.0,348.1,50.0,50.0,20.0,40.0,1
829815,Sunrisers Hyderabad,Mumbai Indians,Sunrisers Hyderabad,bat,"Rajiv Gandhi International Stadium, Uppal",Mumbai Indians,43.48,303.84,66.67,62.5,60.0,80.0,0
829817,Chennai Super Kings,Mumbai Indians,Mumbai Indians,bat,Wankhede Stadium,Mumbai Indians,45.95,320.64,50.0,62.69,60.0,80.0,1
829819,Royal Challengers Bangalore,Rajasthan Royals,Royal Challengers Bangalore,bat,Maharashtra Cricket Association Stadium,Royal Challengers Bangalore,55.56,318.5,50.0,33.33,60.0,40.0,1
829821,Chennai Super Kings,Royal Challengers Bangalore,Chennai Super Kings,field,JSCA International Stadium Complex,Chennai Super Kings,66.67,293.71,60.0,33.33,40.0,60.0,1
829823,Mumbai Indians,Chennai Super Kings,Chennai Super Kings,field,Eden Gardens,Mumbai Indians,54.05,307.25,76.92,45.45,80.0,60.0,0
980901,Mumbai Indians,Rising Pune Supergiants,Mumbai Indians,bat,Wankhede Stadium,Rising Pune Supergiants,50.0,320.64,62.69,100.0,80.0,50.0,0
980903,Kolkata Knight Riders,Delhi Daredevils,Kolkata Knight Riders,field,Eden Gardens,Kolkata Knight Riders,61.9,307.25,60.81,12.5,40.0,20.0,1
980905,Kings XI Punjab,Gujarat Lions,Gujarat Lions,field,"Punjab Cricket Association IS Bindra Stadium, Mohali",Gujarat Lions,50.0,322.27,36.36,100.0,20.0,50.0,1
980907,Royal Challengers Bangalore,Sunrisers Hyderabad,Sunrisers Hyderabad,field,M Chinnaswamy Stadium,Royal Challengers Bangalore,45.45,311.74,47.54,33.33,40.0,60.0,0
980909,Kolkata Knight Riders,Mumbai Indians,Mumbai Indians,field,Eden Gardens,Mumbai Indians,32.35,307.25,60.81,76.92,60.0,80.0,1
980911,Gujarat Lions,Rising Pune Supergiants,Rising Pune Supergiants,bat,Saurashtra Cricket Association Stadium,Gujarat Lions,100.0,333.3,30.0,50.0,100.0,100.0,0
980913,Delhi Daredevils,Kings XI Punjab,Delhi Daredevils,field,Feroz Shah Kotla,Delhi Daredevils,40.91,307.02,41.07,44.44,20.0,20.0,1
980915,Sunrisers Hyderabad,Kolkata Knight Riders,Sunrisers Hyderabad,bat,"Rajiv Gandhi International Stadium, Uppal",Kolkata Knight Riders,32.14,303.84,66.67,66.67,40.0,40.0,0
980917,Mumbai Indians,Gujarat Lions,Gujarat Lions,field,Wankhede Stadium,Gujarat Lions,50.0,320.64,62.69,50.0,80.0,100.0,1
980919,Kings XI Punjab,Rising Pune Supergiants,Rising Pune Supergiants,bat,"Punjab Cricket Association IS Bindra Stadium, Mohali",Kings XI Punjab,50.0,322.27,36.36,50.0,20.0,50.0,0
980921,Royal Challengers Bangalore,Delhi Daredevils,Delhi Daredevils,field,M Chinnaswamy Stadium,Delhi Daredevils,70.0,311.74,47.54,42.86,60.0,40.0,1
980923,Sunrisers Hyderabad,Mumbai Indians,Sunrisers Hyderabad,field,"Rajiv Gandhi International Stadium, Uppal",Sunrisers Hyderabad,43.48,303.84,66.67,62.5,20.0,60.0,1
980925,Kings XI Punjab,Kolkata Knight Riders,Kolkata Knight Riders,field,"Punjab Cricket Association IS Bindra Stadium, Mohali",Kolkata Knight Riders,33.33,322.27,36.36,50.0,40.0,40.0,1
980927,Mumbai Indians,Royal Challengers Bangalore,Mumbai Indians,field,Wankhede Stadium,Mumbai Indians,56.25,320.64,62.69,30.0,40.0,40.0,1
980929,Gujarat Lions,Sunrisers Hyderabad,Sunrisers Hyderabad,field,Saurashtra Cricket Association Stadium,Sunrisers Hyderabad,50.0,333.3,30.0,100.0,100.0,20.0,1
980931,Rising Pune Supergiants,Royal Challengers Bangalore,Rising Pune Supergiants,field,Maharashtra Cricket Association Stadium,Royal Challengers Bangalore,50.0,318.5,50.0,50.0,33.33,40.0,0
980933,Delhi Daredevils,Mumbai Indians,Mumbai Indians,field,Feroz Shah Kotla,Delhi Daredevils,50.0,307.02,41.07,33.33,60.0,40.0,0
980935,Sunrisers Hyderabad,Kings XI Punjab,Sunrisers Hyderabad,field,"Rajiv Gandhi International Stadium, Uppal",Sunrisers Hyderabad,68.75,303.84,66.67,50.0,40.0,20.0,1
980937,Gujarat Lions,Royal Challengers Bangalore,Royal Challengers Bangalore,bat,Saurashtra Cricket Association Stadium,Gujarat Lions,40.0,333.3,30.0,50.0,75.0,40.0,0
980939,Rising Pune Supergiants,Kolkata Knight Riders,Kolkata Knight Riders,field,Maharashtra Cricket Association Stadium,Kolkata Knight Riders,50.0,318.5,50.0,100.0,25.0,60.0,1
980941,Kings XI Punjab,Mumbai Indians,Kings XI Punjab,field,"Punjab Cricket Association IS Bindra Stadium, Mohali",Mumbai Indians,46.15,322.27,36.36,100.0,20.0,40.0,0
980943,Sunrisers Hyderabad,Rising Pune Supergiants,Rising Pune Supergiants,field,"Rajiv Gandhi International Stadium, Uppal",Rising Pune Supergiants,50.0,303.84,66.67,100.0,60.0,20.0,1
980945,Delhi Daredevils,Gujarat Lions,Delhi Daredevils,field,Feroz Shah Kotla,Gujarat Lions,75.0,307.02,41.07,33.33,60.0,80.0,0
980947,Mumbai Indians,Kolkata Knight Riders,Mumbai Indians,field,Wankhede Stadium,Mumbai Indians,67.65,320.64,62.69,11.11,40.0,80.0,1
980949,Rising Pune Supergiants,Gujarat Lions,Gujarat Lions,field,Maharashtra Cricket Association Stadium,Gujarat Lions,50.0,318.5,50.0,50.0,20.0,80.0,1
980951,Delhi Daredevils,Kolkata Knight Riders,Kolkata Knight Riders,field,Feroz Shah Kotla,Delhi Daredevils,38.1,307.02,41.07,62.5,60.0,60.0,0
980953,Sunrisers Hyderabad,Royal Challengers Bangalore,Royal Challengers Bangalore,field,"Rajiv Gandhi International Stadium, Uppal",Sunrisers Hyderabad,54.55,303.84,66.67,25.0,60.0,40.0,0
980955,Gujarat Lions,Kings XI Punjab,Gujarat Lions,field,Saurashtra Cricket Association Stadium,Kings XI Punjab,50.0,333.3,30.0,100.0,80.0,20.0,0
980957,Rising Pune Supergiants,Mumbai Indians,Mumbai Indians,field,Maharashtra Cricket Association Stadium,Mumbai Indians,50.0,318.5,50.0,66.67,20.0,60.0,1
980959,Royal Challengers Bangalore,Kolkata Knight Riders,Kolkata Knight Riders,field,M Chinnaswamy Stadium,Kolkata Knight Riders,43.75,311.74,47.54,54.55,20.0,60.0,1
980961,Gujarat Lions,Delhi Daredevils,Delhi Daredevils,field,Saurashtra Cricket Association Stadium,Delhi Daredevils,25.0,333.3,30.0,100.0,60.0,80.0,1
980963,Kolkata Knight Riders,Kings XI Punjab,Kings XI Punjab,field,Eden Gardens,Kolkata Knight Riders,66.67,307.25,60.81,27.27,60.0,40.0,0
980965,Delhi Daredevils,Rising Pune Supergiants,Rising Pune Supergiants,field,Feroz Shah Kotla,Rising Pune Supergiants,50.0,307.02,41.07,100.0,80.0,20.0,1
980967,Sunrisers Hyderabad,Gujarat Lions,Sunrisers Hyderabad,field,"Rajiv Gandhi International Stadium, Uppal",Sunrisers Hyderabad,100.0,303.84,66.67,50.0,80.0,60.0,1
980969,Royal Challengers Bangalore,Rising Pune Supergiants,Royal Challengers Bangalore,field,M Chinnaswamy Stadium,Royal Challengers Bangalore,100.0,311.74,47.54,50.0,20.0,40.0,1
980971,Kings XI Punjab,Delhi Daredevils,Delhi Daredevils,field,"Punjab Cricket Association IS Bindra Stadium, Mohali",Kings XI Punjab,59.09,322.27,36.36,50.0,20.0,60.0,0
980973,Mumbai Indians,Sunrisers Hyderabad,Mumbai Indians,field,Dr. Y.S. Rajasekhara Reddy ACA-VDCA Cricket Stadium,Sunrisers Hyderabad,56.52,288.15,50.0,50.0,80.0,80.0,0
980975,Kolkata Knight Riders,Gujarat Lions,Gujarat Lions,field,Eden Gardens,Gujarat Lions,25.0,307.25,60.81,100.0,60.0,40.0,1
980977,Kings XI Punjab,Royal Challengers Bangalore,Kings XI Punjab,field,"Punjab Cricket Association IS Bindra Stadium, Mohali",Royal Challengers Bangalore,53.85,322.27,36.36,100.0,40.0,40.0,0
980979,Rising Pune Supergiants,Sunrisers Hyderabad,Sunrisers Hyderabad,bat,Dr. Y.S. Rajasekhara Reddy ACA-VDCA Cricket Stadium,Sunrisers Hyderabad,50.0,288.15,66.67,50.0,40.0,80.0,1
980981,Royal Challengers Bangalore,Mumbai Indians,Mumbai Indians,field,M Chinnaswamy Stadium,Mumbai Indians,43.75,311.74,47.54,80.0,40.0,60.0,1
980983,Sunrisers Hyderabad,Delhi Daredevils,Delhi Daredevils,field,"Rajiv Gandhi International Stadium, Uppal",Delhi Daredevils,66.67,303.84,66.67,66.67,80.0,40.0,1
980985,Mumbai Indians,Kings XI Punjab,Mumbai Indians,bat,Dr. Y.S. Rajasekhara Reddy ACA-VDCA Cricket Stadium,Kings XI Punjab,53.85,288.15,50.0,50.0,80.0,40.0,0
980987,Royal Challengers Bangalore,Gujarat Lions,Gujarat Lions,field,M Chinnaswamy Stadium,Royal Challengers Bangalore,60.0,311.74,47.54,33.33,40.0,40.0,0
980989,Kolkata Knight Riders,Rising Pune Supergiants,Rising Pune Supergiants,bat,Eden Gardens,Kolkata Knight Riders,100.0,307.25,60.81,50.0,40.0,20.0,0
980991,Kings XI Punjab,Sunrisers Hyderabad,Kings XI Punjab,bat,"Punjab Cricket Association IS Bindra Stadium, Mohali",Sunrisers Hyderabad,31.25,322.27,36.36,100.0,60.0,80.0,0
980993,Mumbai Indians,Delhi Daredevils,Delhi Daredevils,field,Dr. Y.S. Rajasekhara Reddy ACA-VDCA Cricket Stadium,Mumbai Indians,50.0,288.15,50.0,33.33,60.0,60.0,0
980995,Kolkata Knight Riders,Royal Challengers Bangalore,Royal Challengers Bangalore,field,Eden Gardens,Royal Challengers Bangalore,56.25,307.25,60.81,40.0,60.0,60.0,1
980997,Rising Pune Supergiants,Delhi Daredevils,Rising Pune Supergiants,field,Dr. Y.S. Rajasekhara Reddy ACA-VDCA Cricket Stadium,Rising Pune Supergiants,100.0,288.15,66.67,33.33,20.0,40.0,1
980999,Royal Challengers Bangalore,Kings XI Punjab,Kings XI Punjab,field,M Chinnaswamy Stadium,Royal Challengers Bangalore,46.15,311.74,47.54,50.0,80.0,40.0,0
981001,Gujarat Lions,Kolkata Knight Riders,Gujarat Lions,field,Green Park,Gujarat Lions,75.0,324.5,50.0,50.0,20.0,60.0,1
981003,Delhi Daredevils,Sunrisers Hyderabad,Delhi Daredevils,field,Shaheed Veer Narayan Singh International Stadium,Delhi Daredevils,33.33,290.17,66.67,50.0,20.0,80.0,1
981005,Rising Pune Supergiants,Kings XI Punjab,Kings XI Punjab,bat,Dr. Y.S. Rajasekhara Reddy ACA-VDCA Cricket Stadium,Rising Pune Supergiants,50.0,288.15,66.67,50.0,40.0,40.0,0
981007,Gujarat Lions,Mumbai Indians,Gujarat Lions,field,Green Park,Gujarat Lions,50.0,324.5,50.0,50.0,40.0,60.0,1
981009,Kolkata Knight Riders,Sunrisers Hyderabad,Sunrisers Hyderabad,field,Eden Gardens,Kolkata Knight Riders,67.86,307.25,60.81,25.0,40.0,60.0,0
981011,Delhi Daredevils,Royal Challengers Bangalore,Royal Challengers Bangalore,field,Shaheed Veer Narayan Singh International Stadium,Royal Challengers Bangalore,30.0,290.17,66.67,100.0,40.0,80.0,1
981013,Gujarat Lions,Royal Challengers Bangalore,Royal Challengers Bangalore,field,M Chinnaswamy Stadium,Royal Challengers Bangalore,40.0,311.74,33.33,47.54,60.0,80.0,1
981015,Sunrisers Hyderabad,Kolkata Knight Riders,Kolkata Knight Riders,field,Feroz Shah Kotla,Sunrisers Hyderabad,32.14,307.02,66.67,62.5,40.0,40.0,0
981017,Gujarat Lions,Sunrisers Hyderabad,Sunrisers Hyderabad,field,Feroz Shah Kotla,Sunrisers Hyderabad,50.0,307.02,33.33,66.67,60.0,40.0,1
981019,Royal Challengers Bangalore,Sunrisers Hyderabad,Sunrisers Hyderabad,bat,M Chinnaswamy Stadium,Sunrisers Hyderabad,45.45,311.74,47.54,33.33,100.0,60.0,1
1082591,Sunrisers Hyderabad,Royal Challengers Bangalore,Royal Challengers Bangalore,field,"Rajiv Gandhi International Stadium, Uppal",Sunrisers Hyderabad,54.55,303.84,66.67,25.0,60.0,80.0,0
1082592,Rising Pune Supergiant,Mumbai Indians,Rising Pune Supergiant,field,Maharashtra Cricket Association Stadium,Rising Pune Supergiant,75.0,318.5,71.43,66.67,50.0,40.0,1
1082593,Gujarat Lions,Kolkata Knight Riders,Kolkata Knight Riders,field,Saurashtra Cricket Association Stadium,Kolkata Knight Riders,75.0,333.3,30.0,100.0,40.0,40.0,1
1082594,Kings XI Punjab,Rising Pune Supergiant,Kings XI Punjab,field,Holkar Cricket Stadium,Kings XI Punjab,50.0,319.11,50.0,50.0,20.0,100.0,1
1082595,Royal Challengers Bangalore,Delhi Daredevils,Royal Challengers Bangalore,bat,M.Chinnaswamy Stadium,Royal Challengers Bangalore,70.0,341.8,53.33,50.0,60.0,40.0,1
1082596,Sunrisers Hyderabad,Gujarat Lions,Sunrisers Hyderabad,field,"Rajiv Gandhi International Stadium, Uppal",Sunrisers Hyderabad,100.0,303.84,66.67,50.0,80.0,40.0,1
1082597,Mumbai Indians,Kolkata Knight Riders,Mumbai Indians,field,Wankhede Stadium,Mumbai Indians,67.65,320.64,62.69,11.11,40.0,40.0,1
1082598,Kings XI Punjab,Royal Challengers Bangalore,Royal Challengers Bangalore,bat,Holkar Cricket Stadium,Kings XI Punjab,53.85,319.11,50.0,50.0,40.0,60.0,0
1082599,Rising Pune Supergiant,Delhi Daredevils,Rising Pune Supergiant,field,Maharashtra Cricket Association Stadium,Delhi Daredevils,50.0,318.5,71.43,66.67,50.0,20.0,0
1082600,Mumbai Indians,Sunrisers Hyderabad,Mumbai Indians,field,Wankhede Stadium,Mumbai Indians,56.52,320.64,62.69,14.29,40.0,100.0,1
1082601,Kolkata Knight Riders,Kings XI Punjab,Kolkata Knight Riders,field,Eden Gardens,Kolkata Knight Riders,66.67,307.25,60.81,27.27,40.0,40.0,1
1082602,Royal Challengers Bangalore,Mumbai Indians,Mumbai Indians,field,M Chinnaswamy Stadium,Mumbai Indians,43.75,311.74,47.54,80.0,40.0,60.0,1
1082603,Gujarat Lions,Rising Pune Supergiant,Gujarat Lions,field,Saurashtra Cricket Association Stadium,Gujarat Lions,50.0,333.3,30.0,50.0,20.0,33.33,1
1082604,Kolkata Knight Riders,Sunrisers Hyderabad,Sunrisers Hyderabad,field,Eden Gardens,Kolkata Knight Riders,67.86,307.25,60.81,25.0,60.0,80.0,0
1082605,Delhi Daredevils,Kings XI Punjab,Delhi Daredevils,bat,Feroz Shah Kotla,Delhi Daredevils,40.91,307.02,41.07,44.44,40.0,40.0,1
1082606,Mumbai Indians,Gujarat Lions,Mumbai Indians,field,Wankhede Stadium,Mumbai Indians,50.0,320.64,62.69,50.0,60.0,20.0,1
1082607,Royal Challengers Bangalore,Rising Pune Supergiant,Royal Challengers Bangalore,field,M Chinnaswamy Stadium,Rising Pune Supergiant,50.0,311.74,47.54,100.0,20.0,25.0,0
1082608,Delhi Daredevils,Kolkata Knight Riders,Delhi Daredevils,bat,Feroz Shah Kotla,Kolkata Knight Riders,38.1,307.02,41.07,62.5,60.0,60.0,0
1082609,Sunrisers Hyderabad,Kings XI Punjab,Kings XI Punjab,field,"Rajiv Gandhi International Stadium, Uppal",Sunrisers Hyderabad,68.75,303.84,66.67,50.0,60.0,40.0,0
1082610,Gujarat Lions,Royal Challengers Bangalore,Gujarat Lions,field,Saurashtra Cricket Association Stadium,Royal Challengers Bangalore,40.0,333.3,30.0,50.0,20.0,20.0,0
1082611,Sunrisers Hyderabad,Delhi Daredevils,Sunrisers Hyderabad,bat,"Rajiv Gandhi International Stadium, Uppal",Sunrisers Hyderabad,66.67,303.84,66.67,66.67,60.0,40.0,1
1082612,Kings XI Punjab,Mumbai Indians,Mumbai Indians,field,Holkar Cricket Stadium,Mumbai Indians,46.15,319.11,50.0,100.0,40.0,80.0,1
1082613,Kolkata Knight Riders,Gujarat Lions,Gujarat Lions,field,Eden Gardens,Gujarat Lions,25.0,307.25,60.81,100.0,80.0,20.0,1
1082614,Mumbai Indians,Delhi Daredevils,Delhi Daredevils,field,Wankhede Stadium,Mumbai Indians,50.0,320.64,62.69,25.0,100.0,40.0,0
1082615,Rising Pune Supergiant,Sunrisers Hyderabad,Rising Pune Supergiant,field,Maharashtra Cricket Association Stadium,Rising Pune Supergiant,100.0,318.5,71.43,33.33,40.0,60.0,1
1082616,Gujarat Lions,Kings XI Punjab,Gujarat Lions,field,Saurashtra Cricket Association Stadium,Kings XI Punjab,50.0,333.3,30.0,100.0,40.0,20.0,0
1082617,Kolkata Knight Riders,Royal Challengers Bangalore,Royal Challengers Bangalore,field,Eden Gardens,Kolkata Knight Riders,56.25,307.25,60.81,40.0,60.0,40.0,0
1082618,Mumbai Indians,Rising Pune Supergiant,Mumbai Indians,field,Wankhede Stadium,Rising Pune Supergiant,25.0,320.64,62.69,100.0,100.0,40.0,0
1082620,Rising Pune Supergiant,Kolkata Knight Riders,Kolkata Knight Riders,field,Maharashtra Cricket Association Stadium,Kolkata Knight Riders,50.0,318.5,71.43,100.0,60.0,80.0,1
1082621,Royal Challengers Bangalore,Gujarat Lions,Gujarat Lions,field,M Chinnaswamy Stadium,Gujarat Lions,60.0,311.74,47.54,33.33,20.0,40.0,1
1082622,Kolkata Knight Riders,Delhi Daredevils,Kolkata Knight Riders,field,Eden Gardens,Kolkata Knight Riders,61.9,307.25,60.81,12.5,80.0,40.0,1
1082623,Kings XI Punjab,Sunrisers Hyderabad,Kings XI Punjab,field,"Punjab Cricket Association IS Bindra Stadium, Mohali",Sunrisers Hyderabad,31.25,322.27,36.36,100.0,20.0,40.0,0
1082624,Rising Pune Supergiant,Royal Challengers Bangalore,Royal Challengers Bangalore,field,Maharashtra Cricket Association Stadium,Rising Pune Supergiant,100.0,318.5,71.43,50.0,60.0,20.0,0
1082625,Gujarat Lions,Mumbai Indians,Gujarat Lions,bat,Saurashtra Cricket Association Stadium,Mumbai Indians,50.0,333.3,30.0,100.0,40.0,80.0,0
1082626,Kings XI Punjab,Delhi Daredevils,Kings XI Punjab,field,"Punjab Cricket Association IS Bindra Stadium, Mohali",Kings XI Punjab,59.09,322.27,36.36,50.0,20.0,20.0,1
1082627,Sunrisers Hyderabad,Kolkata Knight Riders,Kolkata Knight Riders,field,"Rajiv Gandhi International Stadium, Uppal",Sunrisers Hyderabad,32.14,303.84,66.67,66.67,60.0,80.0,0
1082628,Mumbai Indians,Royal Challengers Bangalore,Royal Challengers Bangalore,bat,Wankhede Stadium,Mumbai Indians,56.25,320.64,62.69,30.0,80.0,20.0,0
1082629,Rising Pune Supergiant,Gujarat Lions,Rising Pune Supergiant,field,Maharashtra Cricket Association Stadium,Rising Pune Supergiant,50.0,318.5,71.43,50.0,80.0,40.0,1
1082630,Delhi Daredevils,Sunrisers Hyderabad,Delhi Daredevils,field,Feroz Shah Kotla,Delhi Daredevils,33.33,307.02,41.07,66.67,0.0,80.0,1
1082631,Kolkata Knight Riders,Rising Pune Supergiant,Rising Pune Supergiant,field,Eden Gardens,Rising Pune Supergiant,50.0,307.25,60.81,100.0,60.0,80.0,1
1082632,Delhi Daredevils,Gujarat Lions,Delhi Daredevils,field,Feroz Shah Kotla,Delhi Daredevils,75.0,307.02,41.07,33.33,20.0,40.0,1
1082633,Royal Challengers Bangalore,Kings XI Punjab,Royal Challengers Bangalore,field,M Chinnaswamy Stadium,Kings XI Punjab,46.15,311.74,47.54,50.0,20.0,40.0,0
1082634,Sunrisers Hyderabad,Rising Pune Supergiant,Sunrisers Hyderabad,field,"Rajiv Gandhi International Stadium, Uppal",Rising Pune Supergiant,50.0,303.84,66.67,50.0,60.0,80.0,0
1082635,Delhi Daredevils,Mumbai Indians,Delhi Daredevils,field,Feroz Shah Kotla,Mumbai Indians,50.0,307.02,41.07,33.33,40.0,80.0,0
1082636,Royal Challengers Bangalore,Kolkata Knight Riders,Kolkata Knight Riders,field,M Chinnaswamy Stadium,Kolkata Knight Riders,43.75,311.74,47.54,54.55,0.0,60.0,1
1082637,Kings XI Punjab,Gujarat Lions,Gujarat Lions,field,"Punjab Cricket Association IS Bindra Stadium, Mohali",Gujarat Lions,50.0,322.27,36.36,100.0,60.0,20.0,1
1082638,Sunrisers Hyderabad,Mumbai Indians,Mumbai Indians,bat,"Rajiv Gandhi International Stadium, Uppal",Sunrisers Hyderabad,43.48,303.84,66.67,62.5,40.0,80.0,0
1082639,Kings XI Punjab,Kolkata Knight Riders,Kolkata Knight Riders,field,"Punjab Cricket Association IS Bindra Stadium, Mohali",Kings XI Punjab,33.33,322.27,36.36,50.0,60.0,60.0,0
1082640,Gujarat Lions,Delhi Daredevils,Delhi Daredevils,field,Green Park,Delhi Daredevils,25.0,324.5,50.0,100.0,40.0,40.0,1
1082641,Mumbai Indians,Kings XI Punjab,Mumbai Indians,field,Wankhede Stadium,Kings XI Punjab,53.85,320.64,62.69,45.45,60.0,60.0,0
1082642,Delhi Daredevils,Rising Pune Supergiant,Delhi Daredevils,bat,Feroz Shah Kotla,Delhi Daredevils,100.0,307.02,41.07,50.0,60.0,80.0,1
1082643,Gujarat Lions,Sunrisers Hyderabad,Sunrisers Hyderabad,field,Green Park,Sunrisers Hyderabad,50.0,324.5,50.0,100.0,20.0,60.0,1
1082644,Kolkata Knight Riders,Mumbai Indians,Kolkata Knight Riders,field,Eden Gardens,Mumbai Indians,32.35,307.25,60.81,76.92,40.0,60.0,0
1082645,Rising Pune Supergiant,Kings XI Punjab,Rising Pune Supergiant,field,Maharashtra Cricket Association Stadium,Rising Pune Supergiant,50.0,318.5,71.43,50.0,80.0,80.0,1
1082646,Delhi Daredevils,Royal Challengers Bangalore,Royal Challengers Bangalore,bat,Feroz Shah Kotla,Royal Challengers Bangalore,30.0,307.02,41.07,71.43,80.0,0.0,1
1082647,Mumbai Indians,Rising Pune Supergiant,Mumbai Indians,field,Wankhede Stadium,Rising Pune Supergiant,25.0,320.64,62.69,100.0,60.0,80.0,0
1082648,Sunrisers Hyderabad,Kolkata Knight Riders,Kolkata Knight Riders,field,M Chinnaswamy Stadium,Kolkata Knight Riders,32.14,311.74,33.33,54.55,60.0,20.0,1
1082649,Mumbai Indians,Kolkata Knight Riders,Mumbai Indians,field,M Chinnaswamy Stadium,Mumbai Indians,67.65,311.74,80.0,54.55,40.0,40.0,1
1082650,Mumbai Indians,Rising Pune Supergiant,Mumbai Indians,bat,"Rajiv Gandhi International Stadium, Uppal",Mumbai Indians,25.0,303.84,62.5,50.0,40.0,80.0,1
1136561,Mumbai Indians,Chennai Super Kings,Chennai Super Kings,field,Wankhede Stadium,Chennai Super Kings,54.05,320.64,62.69,50.0,60.0,40.0,1
1136562,Delhi Daredevils,Kings XI Punjab,Kings XI Punjab,field,Punjab Cricket Association IS Bindra Stadium,Kings XI Punjab,40.91,347.6,50.0,80.0,60.0,60.0,1
1136563,Royal Challengers Bangalore,Kolkata Knight Riders,Kolkata Knight Riders,field,Eden Gardens,Kolkata Knight Riders,43.75,307.25,40.0,60.81,20.0,40.0,1
1136564,Rajasthan Royals,Sunrisers Hyderabad,Sunrisers Hyderabad,field,Rajiv Gandhi International Stadium,Sunrisers Hyderabad,45.0,308.73,50.0,71.43,40.0,40.0,1
1136565,Kolkata Knight Riders,Chennai Super Kings,Chennai Super Kings,field,MA Chidambaram Stadium,Chennai Super Kings,34.48,284.78,50.0,77.78,40.0,60.0,1
1136566,Rajasthan Royals,Delhi Daredevils,Delhi Daredevils,field,Sawai Mansingh Stadium,Rajasthan Royals,61.11,303.49,68.09,20.0,20.0,40.0,0
1136567,Mumbai Indians,Sunrisers Hyderabad,Sunrisers Hyderabad,field,Rajiv Gandhi International Stadium,Sunrisers Hyderabad,56.52,308.73,66.67,71.43,60.0,60.0,1
1136568,Kings XI Punjab,Royal Challengers Bangalore,Royal Challengers Bangalore,field,M.Chinnaswamy Stadium,Royal Challengers Bangalore,53.85,341.8,50.0,53.33,60.0,20.0,1
1136569,Mumbai Indians,Delhi Daredevils,Delhi Daredevils,field,Wankhede Stadium,Delhi Daredevils,50.0,320.64,62.69,25.0,40.0,40.0,1
1136570,Kolkata Knight Riders,Sunrisers Hyderabad,Sunrisers Hyderabad,field,Eden Gardens,Sunrisers Hyderabad,67.86,307.25,60.81,25.0,40.0,80.0,1
1136571,Rajasthan Royals,Royal Challengers Bangalore,Royal Challengers Bangalore,field,M.Chinnaswamy Stadium,Rajasthan Royals,44.44,341.8,50.0,53.33,40.0,40.0,0
1136572,Kings XI Punjab,Chennai Super Kings,Chennai Super Kings,field,Punjab Cricket Association IS Bindra Stadium,Kings XI Punjab,39.13,347.6,80.0,50.0,60.0,60.0,0
1136573,Kolkata Knight Riders,Delhi Daredevils,Delhi Daredevils,field,Eden Gardens,Kolkata Knight Riders,61.9,307.25,60.81,12.5,40.0,40.0,0
1136574,Mumbai Indians,Royal Challengers Bangalore,Royal Challengers Bangalore,field,Wankhede Stadium,Mumbai Indians,56.25,320.64,62.69,30.0,40.0,40.0,0
1136575,Rajasthan Royals,Kolkata Knight Riders,Kolkata Knight Riders,field,Sawai Mansingh Stadium,Kolkata Knight Riders,50.0,303.49,68.09,50.0,60.0,40.0,1
1136576,Kings XI Punjab,Sunrisers Hyderabad,Kings XI Punjab,bat,Punjab Cricket Association IS Bindra Stadium,Kings XI Punjab,31.25,347.6,80.0,50.0,60.0,80.0,1
1136577,Chennai Super Kings,Rajasthan Royals,Rajasthan Royals,field,Maharashtra Cricket Association Stadium,Chennai Super Kings,55.17,318.5,83.33,33.33,60.0,40.0,0
1136578,Kolkata Knight Riders,Kings XI Punjab,Kings XI Punjab,field,Eden Gardens,Kings XI Punjab,66.67,307.25,60.81,27.27,60.0,60.0,1
1136579,Delhi Daredevils,Royal Challengers Bangalore,Royal Challengers Bangalore,field,M.Chinnaswamy Stadium,Royal Challengers Bangalore,30.0,341.8,50.0,53.33,20.0,40.0,1
1136580,Chennai Super Kings,Sunrisers Hyderabad,Sunrisers Hyderabad,field,Rajiv Gandhi International Stadium,Chennai Super Kings,71.43,308.73,33.33,71.43,60.0,60.0,0
1136581,Mumbai Indians,Rajasthan Royals,Mumbai Indians,bat,Sawai Mansingh Stadium,Rajasthan Royals,51.72,303.49,28.57,68.09,40.0,40.0,0
1136582,Kings XI Punjab,Delhi Daredevils,Delhi Daredevils,field,Arun Jaitley Stadium,Kings XI Punjab,59.09,324.5,50.0,57.14,80.0,20.0,0
1136583,Sunrisers Hyderabad,Mumbai Indians,Mumbai Indians,field,Wankhede Stadium,Sunrisers Hyderabad,43.48,320.64,14.29,62.69,60.0,20.0,0
1136584,Royal Challengers Bangalore,Chennai Super Kings,Chennai Super Kings,field,M.Chinnaswamy Stadium,Chennai Super Kings,33.33,341.8,53.33,50.0,40.0,80.0,1
1136585,Sunrisers Hyderabad,Kings XI Punjab,Kings XI Punjab,field,Rajiv Gandhi International Stadium,Sunrisers Hyderabad,68.75,308.73,71.43,50.0,60.0,80.0,0
1136586,Delhi Daredevils,Kolkata Knight Riders,Kolkata Knight Riders,field,Arun Jaitley Stadium,Delhi Daredevils,38.1,324.5,57.14,50.0,20.0,40.0,0
1136587,Chennai Super Kings,Mumbai Indians,Mumbai Indians,field,Maharashtra Cricket Association Stadium,Mumbai Indians,45.95,318.5,83.33,66.67,80.0,20.0,1
1136588,Sunrisers Hyderabad,Rajasthan Royals,Sunrisers Hyderabad,bat,Sawai Mansingh Stadium,Sunrisers Hyderabad,55.0,303.49,33.33,68.09,60.0,60.0,1
1136589,Royal Challengers Bangalore,Kolkata Knight Riders,Kolkata Knight Riders,field,M.Chinnaswamy Stadium,Kolkata Knight Riders,43.75,341.8,53.33,100.0,40.0,40.0,1
1136590,Chennai Super Kings,Delhi Daredevils,Delhi Daredevils,field,Maharashtra Cricket Association Stadium,Chennai Super Kings,66.67,318.5,83.33,66.67,60.0,40.0,0
1136591,Royal Challengers Bangalore,Mumbai Indians,Mumbai Indians,field,M.Chinnaswamy Stadium,Royal Challengers Bangalore,43.75,341.8,53.33,50.0,20.0,40.0,0
1136592,Delhi Daredevils,Rajasthan Royals,Rajasthan Royals,field,Arun Jaitley Stadium,Delhi Daredevils,38.89,324.5,57.14,50.0,20.0,40.0,0
1136593,Chennai Super Kings,Kolkata Knight Riders,Kolkata Knight Riders,field,Eden Gardens,Kolkata Knight Riders,65.52,307.25,45.45,60.81,80.0,60.0,1
1136594,Kings XI Punjab,Mumbai Indians,Mumbai Indians,field,Holkar Cricket Stadium,Mumbai Indians,46.15,319.11,50.0,100.0,80.0,40.0,1
1136595,Royal Challengers Bangalore,Chennai Super Kings,Chennai Super Kings,field,Maharashtra Cricket Association Stadium,Chennai Super Kings,33.33,318.5,50.0,83.33,40.0,60.0,1
1136596,Delhi Daredevils,Sunrisers Hyderabad,Delhi Daredevils,bat,Rajiv Gandhi International Stadium,Sunrisers Hyderabad,33.33,308.73,50.0,71.43,40.0,60.0,0
1136597,Mumbai Indians,Kolkata Knight Riders,Kolkata Knight Riders,field,Wankhede Stadium,Mumbai Indians,67.65,320.64,62.69,11.11,40.0,60.0,0
1136598,Rajasthan Royals,Kings XI Punjab,Kings XI Punjab,field,Holkar Cricket Stadium,Kings XI Punjab,57.14,319.11,50.0,50.0,20.0,60.0,1
1136599,Sunrisers Hyderabad,Royal Challengers Bangalore,Royal Challengers Bangalore,field,Rajiv Gandhi International Stadium,Sunrisers Hyderabad,54.55,308.73,71.43,50.0,80.0,40.0,0
1136600,Rajasthan Royals,Kings XI Punjab,Rajasthan Royals,bat,Sawai Mansingh Stadium,Rajasthan Royals,57.14,303.49,68.09,16.67,20.0,60.0,1
1136601,Mumbai Indians,Kolkata Knight Riders,Kolkata Knight Riders,field,Eden Gardens,Mumbai Indians,67.65,307.25,76.92,60.81,60.0,40.0,0
1136602,Delhi Daredevils,Sunrisers Hyderabad,Delhi Daredevils,bat,Arun Jaitley Stadium,Sunrisers Hyderabad,33.33,324.5,57.14,100.0,40.0,100.0,0
1136603,Chennai Super Kings,Rajasthan Royals,Chennai Super Kings,bat,Sawai Mansingh Stadium,Rajasthan Royals,55.17,303.49,50.0,68.09,60.0,40.0,0
1136604,Kolkata Knight Riders,Kings XI Punjab,Kings XI Punjab,field,Holkar Cricket Stadium,Kolkata Knight Riders,66.67,319.11,100.0,50.0,40.0,40.0,0
1136605,Delhi Daredevils,Royal Challengers Bangalore,Royal Challengers Bangalore,field,Arun Jaitley Stadium,Royal Challengers Bangalore,30.0,324.5,57.14,50.0,40.0,20.0,1
1136606,Sunrisers Hyderabad,Chennai Super Kings,Chennai Super Kings,field,Maharashtra Cricket Association Stadium,Chennai Super Kings,28.57,318.5,33.33,83.33,100.0,40.0,1
1136607,Mumbai Indians,Rajasthan Royals,Rajasthan Royals,field,Wankhede Stadium,Rajasthan Royals,51.72,320.64,62.69,50.0,80.0,40.0,1
1136608,Kings XI Punjab,Royal Challengers Bangalore,Royal Challengers Bangalore,field,Holkar Cricket Stadium,Royal Challengers Bangalore,53.85,319.11,50.0,50.0,20.0,40.0,1
1136609,Rajasthan Royals,Kolkata Knight Riders,Kolkata Knight Riders,field,Eden Gardens,Kolkata Knight Riders,50.0,307.25,22.22,60.81,60.0,60.0,1
1136610,Mumbai Indians,Kings XI Punjab,Kings XI Punjab,field,Wankhede Stadium,Mumbai Indians,53.85,320.64,62.69,45.45,60.0,20.0,0
1136611,Royal Challengers Bangalore,Sunrisers Hyderabad,Sunrisers Hyderabad,field,M.Chinnaswamy Stadium,Royal Challengers Bangalore,45.45,341.8,53.33,50.0,60.0,80.0,0
1136612,Delhi Daredevils,Chennai Super Kings,Chennai Super Kings,field,Arun Jaitley Stadium,Delhi Daredevils,33.33,324.5,57.14,50.0,20.0,60.0,0
1136613,Rajasthan Royals,Royal Challengers Bangalore,Rajasthan Royals,bat,Sawai Mansingh Stadium,Rajasthan Royals,44.44,303.49,68.09,42.86,60.0,60.0,1
1136614,Sunrisers Hyderabad,Kolkata Knight Riders,Sunrisers Hyderabad,bat,Rajiv Gandhi International Stadium,Kolkata Knight Riders,32.14,308.73,71.43,50.0,60.0,60.0,0
1136615,Delhi Daredevils,Mumbai Indians,Delhi Daredevils,bat,Arun Jaitley Stadium,Delhi Daredevils,50.0,324.5,57.14,50.0,40.0,80.0,1
1136616,Kings XI Punjab,Chennai Super Kings,Chennai Super Kings,field,Maharashtra Cricket Association Stadium,Chennai Super Kings,39.13,318.5,50.0,83.33,20.0,40.0,1
1136617,Sunrisers Hyderabad,Chennai Super Kings,Chennai Super Kings,field,Wankhede Stadium,Chennai Super Kings,28.57,320.64,14.29,50.0,40.0,60.0,1
1136618,Kolkata Knight Riders,Rajasthan Royals,Rajasthan Royals,field,Eden Gardens,Kolkata Knight Riders,50.0,307.25,60.81,22.22,60.0,80.0,0
1136619,Sunrisers Hyderabad,Kolkata Knight Riders,Kolkata Knight Riders,field,Eden Gardens,Sunrisers Hyderabad,32.14,307.25,25.0,60.81,20.0,80.0,0
1136620,Sunrisers Hyderabad,Chennai Super Kings,Chennai Super Kings,field,Wankhede Stadium,Chennai Super Kings,28.57,320.64,14.29,50.0,20.0,60.0,1
1175356,Royal Challengers Bangalore,Chennai Super Kings,Chennai Super Kings,field,MA Chidambaram Stadium,Chennai Super Kings,33.33,284.78,50.0,77.78,60.0,80.0,1
1175357,Sunrisers Hyderabad,Kolkata Knight Riders,Kolkata Knight Riders,field,Eden Gardens,Kolkata Knight Riders,32.14,307.25,25.0,60.81,20.0,80.0,1
1175358,Delhi Capitals,Mumbai Indians,Mumbai Indians,field,Wankhede Stadium,Delhi Capitals,38.46,320.64,100.0,62.69,50.0,60.0,0
1175359,Kings XI Punjab,Rajasthan Royals,Rajasthan Royals,field,Sawai Mansingh Stadium,Kings XI Punjab,42.86,303.49,16.67,68.09,0.0,60.0,0
1175360,Delhi Capitals,Chennai Super Kings,Delhi Capitals,bat,Arun Jaitley Stadium,Chennai Super Kings,41.67,324.5,57.14,50.0,100.0,80.0,0
1175361,Kolkata Knight Riders,Kings XI Punjab,Kings XI Punjab,field,Eden Gardens,Kolkata Knight Riders,66.67,307.25,60.81,27.27,80.0,20.0,0
1175362,Mumbai Indians,Royal Challengers Bangalore,Royal Challengers Bangalore,field,M.Chinnaswamy Stadium,Mumbai Indians,56.25,341.8,50.0,53.33,40.0,60.0,0
1175363,Rajasthan Royals,Sunrisers Hyderabad,Rajasthan Royals,bat,Rajiv Gandhi International Stadium,Sunrisers Hyderabad,45.0,308.73,50.0,71.43,40.0,20.0,0
1175364,Mumbai Indians,Kings XI Punjab,Kings XI Punjab,field,Punjab Cricket Association IS Bindra Stadium,Kings XI Punjab,53.85,347.6,50.0,80.0,40.0,20.0,1
1175365,Kolkata Knight Riders,Delhi Capitals,Delhi Capitals,field,Arun Jaitley Stadium,Delhi Capitals,41.67,324.5,50.0,57.14,80.0,50.0,1
1175366,Sunrisers Hyderabad,Royal Challengers Bangalore,Royal Challengers Bangalore,field,Rajiv Gandhi International Stadium,Sunrisers Hyderabad,54.55,308.73,71.43,50.0,40.0,40.0,0
1175367,Chennai Super Kings,Rajasthan Royals,Rajasthan Royals,field,MA Chidambaram Stadium,Chennai Super Kings,55.17,284.78,77.78,50.0,100.0,20.0,0
1175368,Kings XI Punjab,Delhi Capitals,Delhi Capitals,field,Punjab Cricket Association IS Bindra Stadium,Kings XI Punjab,50.0,347.6,80.0,50.0,40.0,66.67,0
1175369,Royal Challengers Bangalore,Rajasthan Royals,Rajasthan Royals,field,Sawai Mansingh Stadium,Rajasthan Royals,55.56,303.49,42.86,68.09,20.0,20.0,1
1175370,Mumbai Indians,Chennai Super Kings,Chennai Super Kings,field,Wankhede Stadium,Mumbai Indians,54.05,320.64,62.69,50.0,40.0,100.0,0
1175371,Delhi Capitals,Sunrisers Hyderabad,Sunrisers Hyderabad,field,Arun Jaitley Stadium,Sunrisers Hyderabad,58.33,324.5,57.14,100.0,50.0,60.0,1
1175372,Royal Challengers Bangalore,Kolkata Knight Riders,Kolkata Knight Riders,field,M.Chinnaswamy Stadium,Kolkata Knight Riders,43.75,341.8,53.33,100.0,0.0,60.0,1
1178393,Chennai Super Kings,Kings XI Punjab,Chennai Super Kings,bat,MA Chidambaram Stadium,Chennai Super Kings,60.87,284.78,77.78,50.0,80.0,60.0,1
1178394,Mumbai Indians,Sunrisers Hyderabad,Sunrisers Hyderabad,field,Rajiv Gandhi International Stadium,Mumbai Indians,56.52,308.73,66.67,71.43,40.0,60.0,0
1178395,Royal Challengers Bangalore,Delhi Capitals,Delhi Capitals,field,M.Chinnaswamy Stadium,Delhi Capitals,44.44,341.8,53.33,100.0,0.0,40.0,1
1178396,Rajasthan Royals,Kolkata Knight Riders,Kolkata Knight Riders,field,Sawai Mansingh Stadium,Kolkata Knight Riders,50.0,303.49,68.09,50.0,20.0,60.0,1
1178397,Sunrisers Hyderabad,Kings XI Punjab,Kings XI Punjab,field,Punjab Cricket Association IS Bindra Stadium,Kings XI Punjab,68.75,347.6,50.0,80.0,60.0,60.0,1
1178398,Kolkata Knight Riders,Chennai Super Kings,Chennai Super Kings,field,MA Chidambaram Stadium,Chennai Super Kings,34.48,284.78,50.0,77.78,80.0,80.0,1
1178399,Kings XI Punjab,Mumbai Indians,Mumbai Indians,field,Wankhede Stadium,Mumbai Indians,46.15,320.64,45.45,62.69,60.0,60.0,1
1178400,Rajasthan Royals,Chennai Super Kings,Chennai Super Kings,field,Sawai Mansingh Stadium,Chennai Super Kings,44.83,303.49,68.09,50.0,20.0,80.0,1
1178401,Kolkata Knight Riders,Delhi Capitals,Delhi Capitals,field,Eden Gardens,Delhi Capitals,41.67,307.25,60.81,100.0,60.0,40.0,1
1178402,Mumbai Indians,Rajasthan Royals,Rajasthan Royals,field,Wankhede Stadium,Rajasthan Royals,51.72,320.64,62.69,50.0,80.0,20.0,1
1178403,Kings XI Punjab,Royal Challengers Bangalore,Royal Challengers Bangalore,field,Punjab Cricket Association IS Bindra Stadium,Royal Challengers Bangalore,53.85,347.6,80.0,100.0,60.0,0.0,1
1178404,Kolkata Knight Riders,Chennai Super Kings,Chennai Super Kings,field,Eden Gardens,Chennai Super Kings,34.48,307.25,60.81,45.45,40.0,80.0,1
1178405,Delhi Capitals,Sunrisers Hyderabad,Sunrisers Hyderabad,field,Rajiv Gandhi International Stadium,Delhi Capitals,58.33,308.73,100.0,71.43,60.0,60.0,0
1178406,Royal Challengers Bangalore,Mumbai Indians,Mumbai Indians,field,Wankhede Stadium,Mumbai Indians,43.75,320.64,30.0,62.69,20.0,60.0,1
1178407,Kings XI Punjab,Rajasthan Royals,Rajasthan Royals,field,Punjab Cricket Association IS Bindra Stadium,Kings XI Punjab,42.86,347.6,80.0,50.0,40.0,40.0,0
1178408,Chennai Super Kings,Sunrisers Hyderabad,Chennai Super Kings,bat,Rajiv Gandhi International Stadium,Sunrisers Hyderabad,71.43,308.73,33.33,71.43,80.0,40.0,0
1178409,Mumbai Indians,Delhi Capitals,Mumbai Indians,bat,Arun Jaitley Stadium,Mumbai Indians,61.54,324.5,50.0,57.14,80.0,60.0,1
1178410,Royal Challengers Bangalore,Kolkata Knight Riders,Kolkata Knight Riders,field,Eden Gardens,Royal Challengers Bangalore,43.75,307.25,40.0,60.81,20.0,40.0,0
1178411,Mumbai Indians,Rajasthan Royals,Rajasthan Royals,field,Sawai Mansingh Stadium,Rajasthan Royals,51.72,303.49,28.57,68.09,80.0,40.0,1
1178412,Kings XI Punjab,Delhi Capitals,Delhi Capitals,field,Arun Jaitley Stadium,Delhi Capitals,50.0,324.5,50.0,57.14,40.0,60.0,1
1178413,Kolkata Knight Riders,Sunrisers Hyderabad,Sunrisers Hyderabad,field,Rajiv Gandhi International Stadium,Sunrisers Hyderabad,67.86,308.73,50.0,71.43,20.0,40.0,1
1178414,Royal Challengers Bangalore,Chennai Super Kings,Chennai Super Kings,field,M.Chinnaswamy Stadium,Royal Challengers Bangalore,33.33,341.8,53.33,50.0,40.0,80.0,0
1178415,Rajasthan Royals,Delhi Capitals,Delhi Capitals,field,Sawai Mansingh Stadium,Delhi Capitals,36.36,303.49,68.09,100.0,40.0,80.0,1
1178416,Sunrisers Hyderabad,Chennai Super Kings,Chennai Super Kings,field,MA Chidambaram Stadium,Chennai Super Kings,28.57,284.78,50.0,77.78,40.0,60.0,1
1178417,Royal Challengers Bangalore,Kings XI Punjab,Kings XI Punjab,field,M.Chinnaswamy Stadium,Royal Challengers Bangalore,46.15,341.8,53.33,50.0,60.0,40.0,0
1178418,Kolkata Knight Riders,Rajasthan Royals,Rajasthan Royals,field,Eden Gardens,Rajasthan Royals,50.0,307.25,60.81,22.22,0.0,40.0,1
1178419,Mumbai Indians,Chennai Super Kings,Chennai Super Kings,field,MA Chidambaram Stadium,Mumbai Indians,54.05,284.78,100.0,77.78,60.0,60.0,0
1178420,Sunrisers Hyderabad,Rajasthan Royals,Rajasthan Royals,field,Sawai Mansingh Stadium,Rajasthan Royals,55.0,303.49,33.33,68.09,40.0,60.0,1
1178421,Delhi Capitals,Royal Challengers Bangalore,Delhi Capitals,bat,Arun Jaitley Stadium,Delhi Capitals,55.56,324.5,57.14,50.0,80.0,80.0,1
1178422,Kolkata Knight Riders,Mumbai Indians,Mumbai Indians,field,Eden Gardens,Kolkata Knight Riders,32.35,307.25,60.81,76.92,0.0,60.0,0
1178423,Sunrisers Hyderabad,Kings XI Punjab,Kings XI Punjab,field,Rajiv Gandhi International Stadium,Sunrisers Hyderabad,68.75,308.73,71.43,50.0,40.0,20.0,0
1178425,Chennai Super Kings,Delhi Capitals,Delhi Capitals,field,MA Chidambaram Stadium,Chennai Super Kings,58.33,284.78,77.78,50.0,40.0,80.0,0
1178426,Mumbai Indians,Sunrisers Hyderabad,Mumbai Indians,bat,Wankhede Stadium,Mumbai Indians,56.52,320.64,62.69,14.29,60.0,60.0,1
1178427,Kings XI Punjab,Kolkata Knight Riders,Kolkata Knight Riders,field,Punjab Cricket Association IS Bindra Stadium,Kolkata Knight Riders,33.33,347.6,80.0,100.0,20.0,20.0,1
1178428,Rajasthan Royals,Delhi Capitals,Rajasthan Royals,bat,Arun Jaitley Stadium,Delhi Capitals,36.36,324.5,50.0,57.14,60.0,60.0,0
1178429,Sunrisers Hyderabad,Royal Challengers Bangalore,Royal Challengers Bangalore,field,M.Chinnaswamy Stadium,Royal Challengers Bangalore,54.55,341.8,50.0,53.33,40.0,60.0,1
1178430,Chennai Super Kings,Kings XI Punjab,Kings XI Punjab,field,Punjab Cricket Association IS Bindra Stadium,Kings XI Punjab,60.87,347.6,50.0,80.0,40.0,20.0,1
1178431,Kolkata Knight Riders,Mumbai Indians,Mumbai Indians,field,Wankhede Stadium,Mumbai Indians,32.35,320.64,11.11,62.69,40.0,60.0,1
1181764,Chennai Super Kings,Mumbai Indians,Chennai Super Kings,bat,MA Chidambaram Stadium,Mumbai Indians,45.95,284.78,77.78,100.0,40.0,60.0,0
1181766,Sunrisers Hyderabad,Delhi Capitals,Delhi Capitals,field,Dr. Y.S. Rajasekhara Reddy ACA-VDCA Cricket Stadium,Delhi Capitals,41.67,288.15,50.0,50.0,20.0,80.0,1
1181767,Delhi Capitals,Chennai Super Kings,Chennai Super Kings,field,Dr. Y.S. Rajasekhara Reddy ACA-VDCA Cricket Stadium,Chennai Super Kings,41.67,288.15,50.0,100.0,80.0,40.0,1
1181768,Mumbai Indians,Chennai Super Kings,Mumbai Indians,bat,Rajiv Gandhi International Stadium,Mumbai Indians,54.05,308.73,66.67,33.33,80.0,40.0,1
1216492,Mumbai Indians,Chennai Super Kings,Chennai Super Kings,field,Sheikh Zayed Stadium,Chennai Super Kings,54.05,305.41,66.67,50.0,80.0,40.0,1
1216493,Delhi Capitals,Kings XI Punjab,Kings XI Punjab,field,Dubai International Cricket Stadium,Delhi Capitals,50.0,314.13,46.15,62.5,60.0,20.0,0
1216534,Royal Challengers Bangalore,Sunrisers Hyderabad,Sunrisers Hyderabad,field,Dubai International Cricket Stadium,Royal Challengers Bangalore,45.45,314.13,66.67,53.85,60.0,80.0,0
1216496,Rajasthan Royals,Chennai Super Kings,Chennai Super Kings,field,Sharjah Cricket Stadium,Rajasthan Royals,44.83,306.54,33.33,50.0,40.0,40.0,0
1216508,Mumbai Indians,Kolkata Knight Riders,Kolkata Knight Riders,field,Sheikh Zayed Stadium,Mumbai Indians,67.65,305.41,66.67,54.55,60.0,60.0,0
1216510,Kings XI Punjab,Royal Challengers Bangalore,Royal Challengers Bangalore,field,Dubai International Cricket Stadium,Kings XI Punjab,53.85,314.13,62.5,66.67,40.0,40.0,0
1216539,Delhi Capitals,Chennai Super Kings,Chennai Super Kings,field,Dubai International Cricket Stadium,Delhi Capitals,41.67,314.13,46.15,64.29,20.0,40.0,0
1216545,Sunrisers Hyderabad,Kolkata Knight Riders,Sunrisers Hyderabad,bat,Sheikh Zayed Stadium,Kolkata Knight Riders,32.14,305.41,33.33,54.55,40.0,40.0,0
1216527,Kings XI Punjab,Rajasthan Royals,Rajasthan Royals,field,Sharjah Cricket Stadium,Rajasthan Royals,42.86,306.54,80.0,33.33,60.0,20.0,1
1216547,Royal Challengers Bangalore,Mumbai Indians,Mumbai Indians,field,Dubai International Cricket Stadium,Royal Challengers Bangalore,43.75,314.13,66.67,30.0,60.0,80.0,0
1216532,Sunrisers Hyderabad,Delhi Capitals,Delhi Capitals,field,Sheikh Zayed Stadium,Sunrisers Hyderabad,41.67,305.41,33.33,40.0,60.0,60.0,0
1216504,Kolkata Knight Riders,Rajasthan Royals,Rajasthan Royals,field,Dubai International Cricket Stadium,Kolkata Knight Riders,50.0,314.13,42.86,20.0,60.0,40.0,0
1216503,Mumbai Indians,Kings XI Punjab,Kings XI Punjab,field,Sheikh Zayed Stadium,Mumbai Indians,53.85,305.41,66.67,33.33,60.0,40.0,0
1216516,Sunrisers Hyderabad,Chennai Super Kings,Sunrisers Hyderabad,bat,Dubai International Cricket Stadium,Sunrisers Hyderabad,28.57,314.13,53.85,64.29,40.0,40.0,1
1216514,Rajasthan Royals,Royal Challengers Bangalore,Rajasthan Royals,bat,Sheikh Zayed Stadium,Royal Challengers Bangalore,44.44,305.41,75.0,33.33,40.0,20.0,0
1216515,Delhi Capitals,Kolkata Knight Riders,Kolkata Knight Riders,field,Sharjah Cricket Stadium,Delhi Capitals,58.33,306.54,66.67,62.5,80.0,80.0,0
1216513,Kings XI Punjab,Chennai Super Kings,Kings XI Punjab,bat,Dubai International Cricket Stadium,Chennai Super Kings,39.13,314.13,62.5,64.29,40.0,40.0,0
1216538,Mumbai Indians,Sunrisers Hyderabad,Mumbai Indians,bat,Sharjah Cricket Stadium,Mumbai Indians,56.52,306.54,50.0,28.57,80.0,60.0,1
1216519,Delhi Capitals,Royal Challengers Bangalore,Royal Challengers Bangalore,field,Dubai International Cricket Stadium,Delhi Capitals,55.56,314.13,46.15,66.67,80.0,20.0,0
1216511,Mumbai Indians,Rajasthan Royals,Mumbai Indians,bat,Sheikh Zayed Stadium,Mumbai Indians,51.72,305.41,66.67,75.0,60.0,40.0,1
1216501,Kolkata Knight Riders,Chennai Super Kings,Kolkata Knight Riders,bat,Sheikh Zayed Stadium,Kolkata Knight Riders,34.48,305.41,54.55,50.0,60.0,40.0,1
1216542,Sunrisers Hyderabad,Kings XI Punjab,Sunrisers Hyderabad,bat,Dubai International Cricket Stadium,Sunrisers Hyderabad,68.75,314.13,53.85,62.5,40.0,40.0,1
1216500,Delhi Capitals,Rajasthan Royals,Rajasthan Royals,field,Sharjah Cricket Stadium,Delhi Capitals,63.64,306.54,66.67,33.33,60.0,60.0,0
1216523,Kolkata Knight Riders,Kings XI Punjab,Kolkata Knight Riders,bat,Sheikh Zayed Stadium,Kolkata Knight Riders,66.67,305.41,54.55,33.33,40.0,60.0,1
1216525,Royal Challengers Bangalore,Chennai Super Kings,Royal Challengers Bangalore,bat,Dubai International Cricket Stadium,Royal Challengers Bangalore,33.33,314.13,66.67,64.29,40.0,40.0,1
1216507,Sunrisers Hyderabad,Rajasthan Royals,Sunrisers Hyderabad,bat,Dubai International Cricket Stadium,Rajasthan Royals,55.0,314.13,53.85,20.0,40.0,20.0,0
1216529,Delhi Capitals,Mumbai Indians,Delhi Capitals,bat,Sheikh Zayed Stadium,Mumbai Indians,38.46,305.41,40.0,66.67,80.0,80.0,0
1216540,Royal Challengers Bangalore,Kolkata Knight Riders,Royal Challengers Bangalore,bat,Sharjah Cricket Stadium,Royal Challengers Bangalore,43.75,306.54,37.5,62.5,60.0,40.0,1
1216528,Chennai Super Kings,Sunrisers Hyderabad,Chennai Super Kings,bat,Dubai International Cricket Stadium,Chennai Super Kings,71.43,314.13,64.29,53.85,20.0,60.0,1
1216543,Delhi Capitals,Rajasthan Royals,Delhi Capitals,bat,Dubai International Cricket Stadium,Delhi Capitals,63.64,314.13,46.15,20.0,20.0,80.0,1
1216531,Royal Challengers Bangalore,Kings XI Punjab,Royal Challengers Bangalore,bat,Sharjah Cricket Stadium,Kings XI Punjab,46.15,306.54,37.5,80.0,60.0,40.0,0
1216526,Kolkata Knight Riders,Mumbai Indians,Kolkata Knight Riders,bat,Sheikh Zayed Stadium,Mumbai Indians,32.35,305.41,54.55,66.67,40.0,80.0,0
1216509,Chennai Super Kings,Delhi Capitals,Chennai Super Kings,bat,Sharjah Cricket Stadium,Delhi Capitals,58.33,306.54,50.0,66.67,40.0,60.0,0
1216522,Rajasthan Royals,Royal Challengers Bangalore,Rajasthan Royals,bat,Dubai International Cricket Stadium,Royal Challengers Bangalore,44.44,314.13,20.0,66.67,20.0,20.0,0
1216512,Kolkata Knight Riders,Sunrisers Hyderabad,Sunrisers Hyderabad,field,Sheikh Zayed Stadium,Kolkata Knight Riders,67.86,305.41,54.55,33.33,60.0,40.0,0
1216517,Mumbai Indians,Kings XI Punjab,Mumbai Indians,bat,Dubai International Cricket Stadium,Kings XI Punjab,53.85,314.13,30.0,62.5,80.0,40.0,0
1216533,Chennai Super Kings,Rajasthan Royals,Chennai Super Kings,bat,Sheikh Zayed Stadium,Rajasthan Royals,55.17,305.41,50.0,75.0,40.0,20.0,0
1216546,Delhi Capitals,Kings XI Punjab,Delhi Capitals,bat,Dubai International Cricket Stadium,Kings XI Punjab,50.0,314.13,46.15,62.5,40.0,20.0,0
1216494,Kolkata Knight Riders,Royal Challengers Bangalore,Kolkata Knight Riders,bat,Sheikh Zayed Stadium,Royal Challengers Bangalore,56.25,305.41,54.55,33.33,40.0,60.0,0
1216518,Rajasthan Royals,Sunrisers Hyderabad,Sunrisers Hyderabad,field,Dubai International Cricket Stadium,Sunrisers Hyderabad,45.0,314.13,20.0,53.85,20.0,40.0,1
1216521,Chennai Super Kings,Mumbai Indians,Mumbai Indians,field,Sharjah Cricket Stadium,Mumbai Indians,45.95,306.54,50.0,50.0,40.0,80.0,1
1216497,Kolkata Knight Riders,Delhi Capitals,Delhi Capitals,field,Sheikh Zayed Stadium,Kolkata Knight Riders,41.67,305.41,54.55,40.0,40.0,60.0,0
1216498,Kings XI Punjab,Sunrisers Hyderabad,Sunrisers Hyderabad,field,Dubai International Cricket Stadium,Kings XI Punjab,31.25,314.13,62.5,53.85,20.0,40.0,0
1216541,Mumbai Indians,Rajasthan Royals,Mumbai Indians,bat,Sheikh Zayed Stadium,Rajasthan Royals,51.72,305.41,66.67,75.0,100.0,60.0,0
1216544,Royal Challengers Bangalore,Chennai Super Kings,Royal Challengers Bangalore,bat,Dubai International Cricket Stadium,Chennai Super Kings,33.33,314.13,66.67,64.29,80.0,40.0,0
1216520,Kolkata Knight Riders,Kings XI Punjab,Kings XI Punjab,field,Sharjah Cricket Stadium,Kings XI Punjab,66.67,306.54,62.5,80.0,60.0,40.0,1
1216524,Sunrisers Hyderabad,Delhi Capitals,Delhi Capitals,field,Dubai International Cricket Stadium,Sunrisers Hyderabad,41.67,314.13,53.85,46.15,60.0,100.0,0
1216499,Royal Challengers Bangalore,Mumbai Indians,Mumbai Indians,field,Sheikh Zayed Stadium,Mumbai Indians,43.75,305.41,33.33,66.67,60.0,60.0,1
1216536,Kolkata Knight Riders,Chennai Super Kings,Chennai Super Kings,field,Dubai International Cricket Stadium,Chennai Super Kings,34.48,314.13,42.86,64.29,40.0,20.0,1
1216537,Kings XI Punjab,Rajasthan Royals,Rajasthan Royals,field,Sheikh Zayed Stadium,Rajasthan Royals,42.86,305.41,33.33,75.0,60.0,40.0,1
1216502,Royal Challengers Bangalore,Sunrisers Hyderabad,Sunrisers Hyderabad,field,Sharjah Cricket Stadium,Sunrisers Hyderabad,45.45,306.54,37.5,28.57,40.0,20.0,1
1216535,Delhi Capitals,Mumbai Indians,Mumbai Indians,field,Dubai International Cricket Stadium,Mumbai Indians,38.46,314.13,46.15,30.0,40.0,80.0,1
1216506,Kings XI Punjab,Chennai Super Kings,Chennai Super Kings,field,Sheikh Zayed Stadium,Chennai Super Kings,39.13,305.41,33.33,50.0,40.0,40.0,1
1216530,Kolkata Knight Riders,Rajasthan Royals,Rajasthan Royals,field,Dubai International Cricket Stadium,Kolkata Knight Riders,50.0,314.13,42.86,20.0,40.0,20.0,0
1216505,Royal Challengers Bangalore,Delhi Capitals,Delhi Capitals,field,Sheikh Zayed Stadium,Delhi Capitals,44.44,305.41,33.33,40.0,40.0,60.0,1
1216495,Mumbai Indians,Sunrisers Hyderabad,Sunrisers Hyderabad,field,Sharjah Cricket Stadium,Sunrisers Hyderabad,56.52,306.54,50.0,28.57,80.0,20.0,1
1237177,Mumbai Indians,Delhi Capitals,Delhi Capitals,field,Dubai International Cricket Stadium,Mumbai Indians,61.54,314.13,30.0,46.15,60.0,40.0,0
1237178,Royal Challengers Bangalore,Sunrisers Hyderabad,Sunrisers Hyderabad,field,Sheikh Zayed Stadium,Sunrisers Hyderabad,45.45,305.41,33.33,33.33,60.0,40.0,1
1237180,Delhi Capitals,Sunrisers Hyderabad,Delhi Capitals,bat,Sheikh Zayed Stadium,Delhi Capitals,58.33,305.41,40.0,33.33,40.0,40.0,1
1237181,Delhi Capitals,Mumbai Indians,Delhi Capitals,bat,Dubai International Cricket Stadium,Mumbai Indians,38.46,314.13,46.15,30.0,60.0,60.0,0
1254058,Mumbai Indians,Royal Challengers Bangalore,Royal Challengers Bangalore,field,"MA Chidambaram Stadium, Chepauk, Chennai",Royal Challengers Bangalore,56.25,316.64,42.86,100.0,60.0,60.0,1
1254059,Chennai Super Kings,Delhi Capitals,Delhi Capitals,field,"Wankhede Stadium, Mumbai",Delhi Capitals,58.33,346.38,54.55,33.33,60.0,40.0,1
1254060,Kolkata Knight Riders,Sunrisers Hyderabad,Sunrisers Hyderabad,field,"MA Chidambaram Stadium, Chepauk, Chennai",Kolkata Knight Riders,67.86,316.64,50.0,22.22,40.0,40.0,0
1254061,Punjab Kings,Rajasthan Royals,Rajasthan Royals,field,"Wankhede Stadium, Mumbai",Punjab Kings,42.86,346.38,50.0,50.0,50.0,60.0,0
1254062,Mumbai Indians,Kolkata Knight Riders,Kolkata Knight Riders,field,"MA Chidambaram Stadium, Chepauk, Chennai",Mumbai Indians,67.65,316.64,42.86,50.0,40.0,60.0,0
1254063,Royal Challengers Bangalore,Sunrisers Hyderabad,Sunrisers Hyderabad,field,"MA Chidambaram Stadium, Chepauk, Chennai",Royal Challengers Bangalore,45.45,316.64,100.0,22.22,60.0,40.0,0
1254064,Delhi Capitals,Rajasthan Royals,Rajasthan Royals,field,"Wankhede Stadium, Mumbai",Rajasthan Royals,63.64,346.38,33.33,50.0,40.0,60.0,1
1254065,Punjab Kings,Chennai Super Kings,Chennai Super Kings,field,"Wankhede Stadium, Mumbai",Chennai Super Kings,71.43,346.38,50.0,54.55,100.0,40.0,1
1254066,Mumbai Indians,Sunrisers Hyderabad,Mumbai Indians,bat,"MA Chidambaram Stadium, Chepauk, Chennai",Mumbai Indians,56.52,316.64,42.86,22.22,60.0,20.0,1
1254067,Royal Challengers Bangalore,Kolkata Knight Riders,Royal Challengers Bangalore,bat,"MA Chidambaram Stadium, Chepauk, Chennai",Royal Challengers Bangalore,43.75,316.64,100.0,50.0,60.0,40.0,1
1254068,Punjab Kings,Delhi Capitals,Delhi Capitals,field,"Wankhede Stadium, Mumbai",Delhi Capitals,28.57,346.38,50.0,33.33,50.0,40.0,1
1254069,Chennai Super Kings,Rajasthan Royals,Rajasthan Royals,field,"Wankhede Stadium, Mumbai",Chennai Super Kings,55.17,346.38,54.55,50.0,60.0,60.0,0
1254070,Mumbai Indians,Delhi Capitals,Mumbai Indians,bat,"MA Chidambaram Stadium, Chepauk, Chennai",Delhi Capitals,61.54,316.64,42.86,66.67,80.0,60.0,0
1254071,Punjab Kings,Sunrisers Hyderabad,Punjab Kings,bat,"MA Chidambaram Stadium, Chepauk, Chennai",Sunrisers Hyderabad,28.57,316.64,75.0,22.22,33.33,20.0,0
1254072,Chennai Super Kings,Kolkata Knight Riders,Kolkata Knight Riders,field,"Wankhede Stadium, Mumbai",Chennai Super Kings,65.52,346.38,54.55,50.0,60.0,40.0,0
1254073,Rajasthan Royals,Royal Challengers Bangalore,Royal Challengers Bangalore,field,"Wankhede Stadium, Mumbai",Royal Challengers Bangalore,44.44,346.38,50.0,71.43,40.0,80.0,1
1254074,Mumbai Indians,Punjab Kings,Punjab Kings,field,"MA Chidambaram Stadium, Chepauk, Chennai",Punjab Kings,50.0,316.64,42.86,75.0,60.0,25.0,1
1254075,Kolkata Knight Riders,Rajasthan Royals,Rajasthan Royals,field,"Wankhede Stadium, Mumbai",Rajasthan Royals,50.0,346.38,50.0,50.0,40.0,20.0,1
1254076,Chennai Super Kings,Royal Challengers Bangalore,Chennai Super Kings,bat,"Wankhede Stadium, Mumbai",Chennai Super Kings,66.67,346.38,54.55,71.43,80.0,80.0,1
1254077,Delhi Capitals,Sunrisers Hyderabad,Delhi Capitals,bat,"MA Chidambaram Stadium, Chepauk, Chennai",Delhi Capitals,58.33,316.64,66.67,22.22,60.0,20.0,1
1254078,Punjab Kings,Kolkata Knight Riders,Kolkata Knight Riders,field,"Narendra Modi Stadium, Ahmedabad",Kolkata Knight Riders,50.0,339.58,50.0,75.0,40.0,20.0,1
1254079,Royal Challengers Bangalore,Delhi Capitals,Delhi Capitals,field,"Narendra Modi Stadium, Ahmedabad",Royal Challengers Bangalore,44.44,339.58,33.33,80.0,80.0,80.0,0
1254080,Sunrisers Hyderabad,Chennai Super Kings,Sunrisers Hyderabad,bat,"Arun Jaitley Stadium, Delhi",Chennai Super Kings,28.57,380.69,50.0,66.67,20.0,80.0,0
1254081,Rajasthan Royals,Mumbai Indians,Mumbai Indians,field,"Arun Jaitley Stadium, Delhi",Mumbai Indians,48.28,380.69,33.33,75.0,40.0,40.0,1
1254082,Kolkata Knight Riders,Delhi Capitals,Delhi Capitals,field,"Narendra Modi Stadium, Ahmedabad",Delhi Capitals,41.67,339.58,75.0,80.0,20.0,60.0,1
1254083,Punjab Kings,Royal Challengers Bangalore,Royal Challengers Bangalore,field,"Narendra Modi Stadium, Ahmedabad",Punjab Kings,60.0,339.58,50.0,33.33,20.0,80.0,0
1254084,Chennai Super Kings,Mumbai Indians,Mumbai Indians,field,"Arun Jaitley Stadium, Delhi",Mumbai Indians,45.95,380.69,66.67,75.0,100.0,60.0,1
1254085,Rajasthan Royals,Sunrisers Hyderabad,Sunrisers Hyderabad,field,"Arun Jaitley Stadium, Delhi",Rajasthan Royals,45.0,380.69,33.33,50.0,40.0,20.0,0
1254086,Punjab Kings,Delhi Capitals,Delhi Capitals,field,"Narendra Modi Stadium, Ahmedabad",Delhi Capitals,28.57,339.58,50.0,80.0,40.0,80.0,1
1254104,Chennai Super Kings,Mumbai Indians,Chennai Super Kings,bat,Dubai International Cricket Stadium,Chennai Super Kings,45.95,314.13,64.29,30.0,40.0,80.0,1
1254087,Royal Challengers Bangalore,Kolkata Knight Riders,Royal Challengers Bangalore,bat,"Zayed Cricket Stadium, Abu Dhabi",Kolkata Knight Riders,43.75,309.38,50.0,66.67,60.0,20.0,0
1254111,Rajasthan Royals,Punjab Kings,Punjab Kings,field,Dubai International Cricket Stadium,Rajasthan Royals,57.14,314.13,20.0,66.67,0.0,60.0,0
1254105,Sunrisers Hyderabad,Delhi Capitals,Sunrisers Hyderabad,bat,Dubai International Cricket Stadium,Delhi Capitals,41.67,314.13,53.85,46.15,40.0,60.0,0
1254096,Mumbai Indians,Kolkata Knight Riders,Kolkata Knight Riders,field,"Zayed Cricket Stadium, Abu Dhabi",Kolkata Knight Riders,67.65,309.38,66.67,66.67,80.0,60.0,1
1254113,Royal Challengers Bangalore,Chennai Super Kings,Chennai Super Kings,field,Sharjah Cricket Stadium,Chennai Super Kings,33.33,306.54,37.5,50.0,80.0,60.0,1
1254097,Delhi Capitals,Rajasthan Royals,Rajasthan Royals,field,"Zayed Cricket Stadium, Abu Dhabi",Delhi Capitals,63.64,309.38,100.0,50.0,60.0,60.0,0
1254107,Punjab Kings,Sunrisers Hyderabad,Sunrisers Hyderabad,field,Sharjah Cricket Stadium,Punjab Kings,28.57,306.54,50.0,28.57,40.0,40.0,0
1254098,Kolkata Knight Riders,Chennai Super Kings,Kolkata Knight Riders,bat,"Zayed Cricket Stadium, Abu Dhabi",Chennai Super Kings,34.48,309.38,66.67,50.0,80.0,40.0,0
1254108,Royal Challengers Bangalore,Mumbai Indians,Mumbai Indians,field,Dubai International Cricket Stadium,Royal Challengers Bangalore,43.75,314.13,66.67,30.0,60.0,60.0,0
1254100,Rajasthan Royals,Sunrisers Hyderabad,Rajasthan Royals,bat,Dubai International Cricket Stadium,Sunrisers Hyderabad,45.0,314.13,20.0,53.85,40.0,20.0,0
1254092,Delhi Capitals,Kolkata Knight Riders,Kolkata Knight Riders,field,Sharjah Cricket Stadium,Kolkata Knight Riders,58.33,306.54,66.67,62.5,80.0,40.0,1
1254099,Punjab Kings,Mumbai Indians,Mumbai Indians,field,"Zayed Cricket Stadium, Abu Dhabi",Mumbai Indians,50.0,309.38,50.0,66.67,40.0,80.0,1
1254103,Rajasthan Royals,Royal Challengers Bangalore,Royal Challengers Bangalore,field,Dubai International Cricket Stadium,Royal Challengers Bangalore,44.44,314.13,20.0,66.67,40.0,40.0,1
1254091,Sunrisers Hyderabad,Chennai Super Kings,Chennai Super Kings,field,Sharjah Cricket Stadium,Chennai Super Kings,28.57,306.54,28.57,50.0,20.0,60.0,1
1254102,Kolkata Knight Riders,Punjab Kings,Punjab Kings,field,Dubai International Cricket Stadium,Punjab Kings,50.0,314.13,42.86,66.67,60.0,40.0,1
1254089,Chennai Super Kings,Rajasthan Royals,Rajasthan Royals,field,"Zayed Cricket Stadium, Abu Dhabi",Rajasthan Royals,55.17,309.38,50.0,50.0,80.0,40.0,1
1254112,Mumbai Indians,Delhi Capitals,Delhi Capitals,field,Sharjah Cricket Stadium,Delhi Capitals,61.54,306.54,50.0,66.67,40.0,60.0,1
1254090,Royal Challengers Bangalore,Punjab Kings,Royal Challengers Bangalore,bat,Sharjah Cricket Stadium,Royal Challengers Bangalore,40.0,306.54,37.5,50.0,40.0,40.0,1
1254109,Sunrisers Hyderabad,Kolkata Knight Riders,Sunrisers Hyderabad,bat,Dubai International Cricket Stadium,Kolkata Knight Riders,32.14,314.13,53.85,42.86,40.0,60.0,0
1254110,Chennai Super Kings,Delhi Capitals,Delhi Capitals,field,Dubai International Cricket Stadium,Delhi Capitals,58.33,314.13,64.29,46.15,60.0,60.0,1
1254093,Rajasthan Royals,Mumbai Indians,Mumbai Indians,field,Sharjah Cricket Stadium,Mumbai Indians,48.28,306.54,33.33,50.0,60.0,60.0,1
1254095,Sunrisers Hyderabad,Royal Challengers Bangalore,Royal Challengers Bangalore,field,"Zayed Cricket Stadium, Abu Dhabi",Sunrisers Hyderabad,54.55,309.38,50.0,50.0,0.0,40.0,0
1254094,Chennai Super Kings,Punjab Kings,Punjab Kings,field,Dubai International Cricket Stadium,Punjab Kings,28.57,314.13,64.29,66.67,60.0,40.0,1
1254106,Kolkata Knight Riders,Rajasthan Royals,Rajasthan Royals,field,Sharjah Cricket Stadium,Kolkata Knight Riders,50.0,306.54,62.5,33.33,60.0,20.0,0
1254088,Mumbai Indians,Sunrisers Hyderabad,Mumbai Indians,bat,"Zayed Cricket Stadium, Abu Dhabi",Mumbai Indians,56.52,309.38,66.67,50.0,60.0,20.0,1
1254101,Delhi Capitals,Royal Challengers Bangalore,Royal Challengers Bangalore,field,Dubai International Cricket Stadium,Royal Challengers Bangalore,55.56,314.13,46.15,66.67,60.0,40.0,1
1254114,Delhi Capitals,Chennai Super Kings,Chennai Super Kings,field,Dubai International Cricket Stadium,Chennai Super Kings,41.67,314.13,46.15,64.29,80.0,60.0,1
1254115,Royal Challengers Bangalore,Kolkata Knight Riders,Royal Challengers Bangalore,bat,Sharjah Cricket Stadium,Kolkata Knight Riders,43.75,306.54,37.5,62.5,60.0,60.0,0
1254116,Delhi Capitals,Kolkata Knight Riders,Kolkata Knight Riders,field,Sharjah Cricket Stadium,Kolkata Knight Riders,58.33,306.54,66.67,62.5,60.0,60.0,1
1254117,Chennai Super Kings,Kolkata Knight Riders,Kolkata Knight Riders,field,Dubai International Cricket Stadium,Chennai Super Kings,65.52,314.13,64.29,42.86,80.0,80.0,0
1304047,Chennai Super Kings,Kolkata Knight Riders,Kolkata Knight Riders,field,"Wankhede Stadium, Mumbai",Kolkata Knight Riders,65.52,346.38,54.55,50.0,80.0,80.0,1
1304048,Mumbai Indians,Delhi Capitals,Delhi Capitals,field,"Brabourne Stadium, Mumbai",Delhi Capitals,61.54,342.59,50.0,100.0,20.0,60.0,1
1304049,Royal Challengers Bangalore,Punjab Kings,Punjab Kings,field,"Dr DY Patil Sports Academy, Mumbai",Punjab Kings,40.0,328.65,50.0,50.0,60.0,60.0,1
1304050,Lucknow Super Giants,Gujarat Titans,Gujarat Titans,field,"Wankhede Stadium, Mumbai",Gujarat Titans,20.0,346.38,60.0,60.0,50.0,50.0,1
1304051,Rajasthan Royals,Sunrisers Hyderabad,Sunrisers Hyderabad,field,"Maharashtra Cricket Association Stadium, Pune",Rajasthan Royals,45.0,316.0,100.0,50.0,20.0,40.0,0
1304052,Kolkata Knight Riders,Royal Challengers Bangalore,Royal Challengers Bangalore,field,"Dr DY Patil Sports Academy, Mumbai",Royal Challengers Bangalore,56.25,328.65,25.0,50.0,80.0,40.0,1
1304053,Chennai Super Kings,Lucknow Super Giants,Lucknow Super Giants,field,"Brabourne Stadium, Mumbai",Lucknow Super Giants,25.0,342.59,50.0,66.67,60.0,0.0,1
1304054,Punjab Kings,Kolkata Knight Riders,Kolkata Knight Riders,field,"Wankhede Stadium, Mumbai",Kolkata Knight Riders,50.0,346.38,50.0,50.0,60.0,60.0,1
1304055,Rajasthan Royals,Mumbai Indians,Mumbai Indians,field,"Dr DY Patil Sports Academy, Mumbai",Rajasthan Royals,48.28,328.65,25.0,25.0,40.0,20.0,0
1304056,Gujarat Titans,Delhi Capitals,Delhi Capitals,field,"Maharashtra Cricket Association Stadium, Pune",Gujarat Titans,40.0,316.0,100.0,50.0,100.0,60.0,0
1304057,Punjab Kings,Chennai Super Kings,Chennai Super Kings,field,"Brabourne Stadium, Mumbai",Punjab Kings,71.43,342.59,50.0,50.0,60.0,60.0,0
1304058,Lucknow Super Giants,Sunrisers Hyderabad,Sunrisers Hyderabad,field,"Dr DY Patil Sports Academy, Mumbai",Lucknow Super Giants,75.0,328.65,75.0,75.0,50.0,20.0,0
1304059,Rajasthan Royals,Royal Challengers Bangalore,Royal Challengers Bangalore,field,"Wankhede Stadium, Mumbai",Royal Challengers Bangalore,44.44,346.38,50.0,71.43,60.0,40.0,1
1304060,Mumbai Indians,Kolkata Knight Riders,Kolkata Knight Riders,field,"Maharashtra Cricket Association Stadium, Pune",Kolkata Knight Riders,67.65,316.0,50.0,66.67,0.0,60.0,1
1304061,Delhi Capitals,Lucknow Super Giants,Lucknow Super Giants,field,"Dr DY Patil Sports Academy, Mumbai",Lucknow Super Giants,40.0,328.65,50.0,75.0,40.0,66.67,1
1304062,Punjab Kings,Gujarat Titans,Gujarat Titans,field,"Brabourne Stadium, Mumbai",Gujarat Titans,40.0,342.59,50.0,66.67,60.0,100.0,1
1304063,Chennai Super Kings,Sunrisers Hyderabad,Sunrisers Hyderabad,field,"Dr DY Patil Sports Academy, Mumbai",Sunrisers Hyderabad,71.43,328.65,75.0,75.0,40.0,0.0,1
1304064,Mumbai Indians,Royal Challengers Bangalore,Royal Challengers Bangalore,field,"Maharashtra Cricket Association Stadium, Pune",Royal Challengers Bangalore,56.25,316.0,50.0,66.67,0.0,40.0,1
1304065,Delhi Capitals,Kolkata Knight Riders,Kolkata Knight Riders,field,"Brabourne Stadium, Mumbai",Delhi Capitals,58.33,342.59,100.0,50.0,20.0,60.0,0
1304066,Rajasthan Royals,Lucknow Super Giants,Lucknow Super Giants,field,"Wankhede Stadium, Mumbai",Rajasthan Royals,80.0,346.38,50.0,60.0,60.0,75.0,0
1304067,Gujarat Titans,Sunrisers Hyderabad,Sunrisers Hyderabad,field,"Dr DY Patil Sports Academy, Mumbai",Sunrisers Hyderabad,75.0,328.65,50.0,75.0,100.0,20.0,1
1304068,Chennai Super Kings,Royal Challengers Bangalore,Royal Challengers Bangalore,field,"Dr DY Patil Sports Academy, Mumbai",Chennai Super Kings,66.67,328.65,75.0,50.0,20.0,60.0,0
1304069,Punjab Kings,Mumbai Indians,Mumbai Indians,field,"Maharashtra Cricket Association Stadium, Pune",Punjab Kings,50.0,316.0,50.0,50.0,40.0,0.0,0
1304070,Gujarat Titans,Rajasthan Royals,Rajasthan Royals,field,"Dr DY Patil Sports Academy, Mumbai",Gujarat Titans,83.33,328.65,50.0,25.0,75.0,80.0,0
1304071,Kolkata Knight Riders,Sunrisers Hyderabad,Sunrisers Hyderabad,field,"Brabourne Stadium, Mumbai",Sunrisers Hyderabad,67.86,342.59,50.0,66.67,60.0,40.0,1
1304072,Lucknow Super Giants,Mumbai Indians,Mumbai Indians,field,"Brabourne Stadium, Mumbai",Lucknow Super Giants,83.33,342.59,66.67,50.0,60.0,0.0,0
1304073,Royal Challengers Bangalore,Delhi Capitals,Delhi Capitals,field,"Wankhede Stadium, Mumbai",Royal Challengers Bangalore,44.44,346.38,71.43,33.33,60.0,40.0,0
1304074,Punjab Kings,Sunrisers Hyderabad,Sunrisers Hyderabad,field,"Dr DY Patil Sports Academy, Mumbai",Sunrisers Hyderabad,28.57,328.65,50.0,75.0,60.0,60.0,1
1304075,Chennai Super Kings,Gujarat Titans,Gujarat Titans,field,"Maharashtra Cricket Association Stadium, Pune",Gujarat Titans,42.86,316.0,33.33,100.0,20.0,80.0,1
1304076,Rajasthan Royals,Kolkata Knight Riders,Kolkata Knight Riders,field,"Brabourne Stadium, Mumbai",Rajasthan Royals,50.0,342.59,100.0,50.0,60.0,40.0,0
1304077,Royal Challengers Bangalore,Lucknow Super Giants,Lucknow Super Giants,field,"Dr DY Patil Sports Academy, Mumbai",Royal Challengers Bangalore,75.0,328.65,50.0,75.0,80.0,80.0,0
1304078,Punjab Kings,Delhi Capitals,Delhi Capitals,field,"Brabourne Stadium, Mumbai",Delhi Capitals,28.57,342.59,50.0,100.0,40.0,40.0,1
1304079,Mumbai Indians,Chennai Super Kings,Chennai Super Kings,field,"Dr DY Patil Sports Academy, Mumbai",Chennai Super Kings,54.05,328.65,25.0,75.0,0.0,20.0,1
1304080,Rajasthan Royals,Delhi Capitals,Delhi Capitals,field,"Wankhede Stadium, Mumbai",Rajasthan Royals,36.36,346.38,50.0,33.33,60.0,40.0,0
1304081,Gujarat Titans,Kolkata Knight Riders,Gujarat Titans,bat,"Dr DY Patil Sports Academy, Mumbai",Gujarat Titans,66.67,328.65,50.0,25.0,80.0,40.0,1
1304082,Royal Challengers Bangalore,Sunrisers Hyderabad,Sunrisers Hyderabad,field,"Brabourne Stadium, Mumbai",Sunrisers Hyderabad,45.45,342.59,50.0,66.67,80.0,80.0,1
1304083,Lucknow Super Giants,Mumbai Indians,Mumbai Indians,field,"Wankhede Stadium, Mumbai",Lucknow Super Giants,83.33,346.38,60.0,55.56,60.0,0.0,0
1304084,Punjab Kings,Chennai Super Kings,Chennai Super Kings,field,"Wankhede Stadium, Mumbai",Punjab Kings,71.43,346.38,50.0,54.55,40.0,40.0,0
1304085,Rajasthan Royals,Royal Challengers Bangalore,Royal Challengers Bangalore,field,"Maharashtra Cricket Association Stadium, Pune",Rajasthan Royals,44.44,316.0,100.0,66.67,60.0,60.0,0
1304086,Sunrisers Hyderabad,Gujarat Titans,Gujarat Titans,field,"Wankhede Stadium, Mumbai",Gujarat Titans,25.0,346.38,16.67,60.0,100.0,80.0,1
1304087,Kolkata Knight Riders,Delhi Capitals,Delhi Capitals,field,"Wankhede Stadium, Mumbai",Delhi Capitals,41.67,346.38,50.0,33.33,20.0,40.0,1
1304088,Lucknow Super Giants,Punjab Kings,Punjab Kings,field,"Maharashtra Cricket Association Stadium, Pune",Lucknow Super Giants,75.0,316.0,66.67,50.0,60.0,40.0,0
1304089,Royal Challengers Bangalore,Gujarat Titans,Royal Challengers Bangalore,bat,"Brabourne Stadium, Mumbai",Gujarat Titans,33.33,342.59,50.0,66.67,40.0,80.0,0
1304090,Rajasthan Royals,Mumbai Indians,Mumbai Indians,field,"Dr DY Patil Sports Academy, Mumbai",Mumbai Indians,48.28,328.65,25.0,25.0,80.0,0.0,1
1304091,Lucknow Super Giants,Delhi Capitals,Lucknow Super Giants,bat,"Wankhede Stadium, Mumbai",Lucknow Super Giants,60.0,346.38,60.0,33.33,60.0,60.0,1
1304092,Chennai Super Kings,Sunrisers Hyderabad,Sunrisers Hyderabad,field,"Maharashtra Cricket Association Stadium, Pune",Chennai Super Kings,71.43,316.0,33.33,50.0,40.0,80.0,0
1304093,Rajasthan Royals,Kolkata Knight Riders,Kolkata Knight Riders,field,"Wankhede Stadium, Mumbai",Kolkata Knight Riders,50.0,346.38,50.0,50.0,60.0,0.0,1
1304094,Gujarat Titans,Punjab Kings,Gujarat Titans,bat,"Dr DY Patil Sports Academy, Mumbai",Punjab Kings,60.0,328.65,50.0,50.0,100.0,40.0,0
1304095,Royal Challengers Bangalore,Chennai Super Kings,Chennai Super Kings,field,"Maharashtra Cricket Association Stadium, Pune",Royal Challengers Bangalore,33.33,316.0,66.67,33.33,40.0,60.0,0
1304096,Delhi Capitals,Sunrisers Hyderabad,Sunrisers Hyderabad,field,"Brabourne Stadium, Mumbai",Delhi Capitals,58.33,342.59,100.0,66.67,40.0,60.0,0
1304097,Mumbai Indians,Gujarat Titans,Gujarat Titans,field,"Brabourne Stadium, Mumbai",Mumbai Indians,40.0,342.59,50.0,66.67,20.0,80.0,0
1304098,Punjab Kings,Rajasthan Royals,Punjab Kings,bat,"Wankhede Stadium, Mumbai",Rajasthan Royals,42.86,346.38,50.0,50.0,40.0,60.0,0
1304099,Lucknow Super Giants,Kolkata Knight Riders,Kolkata Knight Riders,field,"Maharashtra Cricket Association Stadium, Pune",Lucknow Super Giants,60.0,316.0,66.67,66.67,80.0,20.0,0
1304100,Royal Challengers Bangalore,Sunrisers Hyderabad,Royal Challengers Bangalore,bat,"Wankhede Stadium, Mumbai",Royal Challengers Bangalore,45.45,346.38,71.43,16.67,40.0,40.0,1
1304101,Chennai Super Kings,Delhi Capitals,Delhi Capitals,field,"Dr DY Patil Sports Academy, Mumbai",Chennai Super Kings,58.33,328.65,75.0,50.0,40.0,60.0,0
1304102,Kolkata Knight Riders,Mumbai Indians,Mumbai Indians,field,"Dr DY Patil Sports Academy, Mumbai",Kolkata Knight Riders,32.35,328.65,25.0,25.0,20.0,40.0,0
1304103,Gujarat Titans,Lucknow Super Giants,Gujarat Titans,bat,"Maharashtra Cricket Association Stadium, Pune",Gujarat Titans,80.0,316.0,100.0,66.67,60.0,80.0,1
1304104,Rajasthan Royals,Delhi Capitals,Delhi Capitals,field,"Dr DY Patil Sports Academy, Mumbai",Delhi Capitals,36.36,328.65,25.0,50.0,60.0,40.0,1
1304105,Chennai Super Kings,Mumbai Indians,Mumbai Indians,field,"Wankhede Stadium, Mumbai",Mumbai Indians,45.95,346.38,54.55,55.56,60.0,40.0,1
1304106,Punjab Kings,Royal Challengers Bangalore,Royal Challengers Bangalore,field,"Brabourne Stadium, Mumbai",Punjab Kings,60.0,342.59,50.0,50.0,40.0,40.0,0
1304107,Kolkata Knight Riders,Sunrisers Hyderabad,Kolkata Knight Riders,bat,"Maharashtra Cricket Association Stadium, Pune",Kolkata Knight Riders,67.86,316.0,66.67,50.0,40.0,20.0,1
1304108,Chennai Super Kings,Gujarat Titans,Chennai Super Kings,bat,"Wankhede Stadium, Mumbai",Gujarat Titans,42.86,346.38,54.55,60.0,40.0,60.0,0
1304109,Rajasthan Royals,Lucknow Super Giants,Rajasthan Royals,bat,"Brabourne Stadium, Mumbai",Rajasthan Royals,80.0,342.59,100.0,66.67,40.0,80.0,1
1304110,Delhi Capitals,Punjab Kings,Punjab Kings,field,"Dr DY Patil Sports Academy, Mumbai",Delhi Capitals,71.43,328.65,50.0,50.0,60.0,60.0,0
1304111,Sunrisers Hyderabad,Mumbai Indians,Mumbai Indians,field,"Wankhede Stadium, Mumbai",Sunrisers Hyderabad,43.48,346.38,16.67,55.56,0.0,60.0,0
1304112,Lucknow Super Giants,Kolkata Knight Riders,Lucknow Super Giants,bat,"Dr DY Patil Sports Academy, Mumbai",Lucknow Super Giants,60.0,328.65,75.0,25.0,60.0,60.0,1
1304113,Gujarat Titans,Royal Challengers Bangalore,Gujarat Titans,bat,"Wankhede Stadium, Mumbai",Royal Challengers Bangalore,66.67,346.38,60.0,71.43,60.0,40.0,0
1304114,Chennai Super Kings,Rajasthan Royals,Chennai Super Kings,bat,"Brabourne Stadium, Mumbai",Rajasthan Royals,55.17,342.59,50.0,100.0,40.0,40.0,0
1304115,Delhi Capitals,Mumbai Indians,Mumbai Indians,field,"Wankhede Stadium, Mumbai",Mumbai Indians,38.46,346.38,33.33,55.56,60.0,60.0,1
1304116,Sunrisers Hyderabad,Punjab Kings,Sunrisers Hyderabad,bat,"Wankhede Stadium, Mumbai",Punjab Kings,71.43,346.38,16.67,50.0,20.0,40.0,0
1312197,Rajasthan Royals,Gujarat Titans,Gujarat Titans,field,"Eden Gardens, Kolkata",Gujarat Titans,16.67,380.31,66.67,100.0,60.0,40.0,1
1312198,Royal Challengers Bangalore,Lucknow Super Giants,Lucknow Super Giants,field,"Eden Gardens, Kolkata",Royal Challengers Bangalore,75.0,380.31,50.0,33.33,60.0,60.0,0
1312199,Royal Challengers Bangalore,Rajasthan Royals,Rajasthan Royals,field,"Narendra Modi Stadium, Ahmedabad",Rajasthan Royals,55.56,339.58,33.33,75.0,80.0,60.0,1
1312200,Rajasthan Royals,Gujarat Titans,Rajasthan Royals,bat,"Narendra Modi Stadium, Ahmedabad",Gujarat Titans,16.67,339.58,75.0,56.25,60.0,60.0,0
1359475,Chennai Super Kings,Gujarat Titans,Gujarat Titans,field,"Narendra Modi Stadium, Ahmedabad",Gujarat Titans,42.86,339.58,33.33,56.25,20.0,80.0,1
1359476,Punjab Kings,Kolkata Knight Riders,Kolkata Knight Riders,field,"Punjab Cricket Association IS Bindra Stadium, Mohali, Chandigarh",Punjab Kings,50.0,371.2,20.0,50.0,60.0,60.0,0
1359477,Lucknow Super Giants,Delhi Capitals,Delhi Capitals,field,"Bharat Ratna Shri Atal Bihari Vajpayee Ekana Cricket Stadium, Lucknow",Lucknow Super Giants,60.0,306.71,50.0,50.0,40.0,60.0,0
1359478,Rajasthan Royals,Sunrisers Hyderabad,Sunrisers Hyderabad,field,"Rajiv Gandhi International Stadium, Uppal, Hyderabad",Rajasthan Royals,45.0,364.85,50.0,46.15,60.0,20.0,0
1359479,Mumbai Indians,Royal Challengers Bangalore,Royal Challengers Bangalore,field,"M Chinnaswamy Stadium, Bengaluru",Royal Challengers Bangalore,56.25,380.14,50.0,42.86,60.0,60.0,1
1359480,Chennai Super Kings,Lucknow Super Giants,Lucknow Super Giants,field,"MA Chidambaram Stadium, Chepauk, Chennai",Chennai Super Kings,25.0,316.64,66.67,33.33,20.0,40.0,0
1359481,Delhi Capitals,Gujarat Titans,Gujarat Titans,field,"Arun Jaitley Stadium, Delhi",Gujarat Titans,60.0,380.69,50.0,50.0,40.0,80.0,1
1359482,Punjab Kings,Rajasthan Royals,Rajasthan Royals,field,"Barsapara Cricket Stadium, Guwahati",Punjab Kings,42.86,339.67,100.0,33.33,60.0,60.0,0
1359483,Kolkata Knight Riders,Royal Challengers Bangalore,Royal Challengers Bangalore,field,"Eden Gardens, Kolkata",Kolkata Knight Riders,56.25,380.31,50.0,50.0,40.0,60.0,0
1359484,Sunrisers Hyderabad,Lucknow Super Giants,Sunrisers Hyderabad,bat,"Bharat Ratna Shri Atal Bihari Vajpayee Ekana Cricket Stadium, Lucknow",Lucknow Super Giants,25.0,306.71,50.0,50.0,20.0,40.0,0
1359485,Rajasthan Royals,Delhi Capitals,Delhi Capitals,field,"Barsapara Cricket Stadium, Guwahati",Rajasthan Royals,36.36,339.67,33.33,50.0,40.0,40.0,0
1359486,Mumbai Indians,Chennai Super Kings,Chennai Super Kings,field,"Wankhede Stadium, Mumbai",Chennai Super Kings,54.05,346.38,55.56,54.55,40.0,20.0,1
1359487,Gujarat Titans,Kolkata Knight Riders,Gujarat Titans,bat,"Narendra Modi Stadium, Ahmedabad",Kolkata Knight Riders,66.67,339.58,56.25,75.0,80.0,60.0,0
1359488,Punjab Kings,Sunrisers Hyderabad,Sunrisers Hyderabad,field,"Rajiv Gandhi International Stadium, Uppal, Hyderabad",Sunrisers Hyderabad,28.57,364.85,50.0,46.15,80.0,20.0,1
1359489,Royal Challengers Bangalore,Lucknow Super Giants,Lucknow Super Giants,field,"M Chinnaswamy Stadium, Bengaluru",Lucknow Super Giants,75.0,380.14,42.86,100.0,60.0,60.0,1
1359490,Delhi Capitals,Mumbai Indians,Mumbai Indians,field,"Arun Jaitley Stadium, Delhi",Mumbai Indians,38.46,380.69,50.0,75.0,20.0,40.0,1
1359491,Rajasthan Royals,Chennai Super Kings,Chennai Super Kings,field,"MA Chidambaram Stadium, Chepauk, Chennai",Rajasthan Royals,44.83,316.64,33.33,66.67,60.0,40.0,0
1359492,Punjab Kings,Gujarat Titans,Gujarat Titans,field,"Punjab Cricket Association IS Bindra Stadium, Mohali, Chandigarh",Gujarat Titans,40.0,371.2,20.0,100.0,60.0,80.0,1
1359493,Sunrisers Hyderabad,Kolkata Knight Riders,Kolkata Knight Riders,field,"Eden Gardens, Kolkata",Sunrisers Hyderabad,32.14,380.31,50.0,50.0,40.0,60.0,0
1359494,Royal Challengers Bangalore,Delhi Capitals,Delhi Capitals,field,"M Chinnaswamy Stadium, Bengaluru",Royal Challengers Bangalore,44.44,380.14,42.86,50.0,40.0,0.0,0
1359495,Lucknow Super Giants,Punjab Kings,Punjab Kings,field,"Bharat Ratna Shri Atal Bihari Vajpayee Ekana Cricket Stadium, Lucknow",Punjab Kings,75.0,306.71,50.0,50.0,60.0,60.0,1
1359496,Kolkata Knight Riders,Mumbai Indians,Mumbai Indians,field,"Wankhede Stadium, Mumbai",Mumbai Indians,32.35,346.38,50.0,55.56,40.0,40.0,1
1359497,Gujarat Titans,Rajasthan Royals,Rajasthan Royals,field,"Narendra Modi Stadium, Ahmedabad",Rajasthan Royals,83.33,339.58,56.25,75.0,80.0,60.0,1
1359498,Chennai Super Kings,Royal Challengers Bangalore,Royal Challengers Bangalore,field,"M Chinnaswamy Stadium, Bengaluru",Chennai Super Kings,66.67,380.14,50.0,42.86,40.0,40.0,0
1359499,Mumbai Indians,Sunrisers Hyderabad,Sunrisers Hyderabad,field,"Rajiv Gandhi International Stadium, Uppal, Hyderabad",Mumbai Indians,56.52,364.85,50.0,46.15,60.0,40.0,0
1359500,Lucknow Super Giants,Rajasthan Royals,Rajasthan Royals,field,"Sawai Mansingh Stadium, Jaipur",Lucknow Super Giants,20.0,342.1,50.0,50.0,60.0,80.0,0
1359501,Royal Challengers Bangalore,Punjab Kings,Punjab Kings,field,"Punjab Cricket Association IS Bindra Stadium, Mohali, Chandigarh",Royal Challengers Bangalore,40.0,371.2,100.0,20.0,40.0,60.0,0
1359502,Kolkata Knight Riders,Delhi Capitals,Delhi Capitals,field,"Arun Jaitley Stadium, Delhi",Delhi Capitals,41.67,380.69,50.0,50.0,40.0,0.0,1
1359503,Sunrisers Hyderabad,Chennai Super Kings,Chennai Super Kings,field,"MA Chidambaram Stadium, Chepauk, Chennai",Chennai Super Kings,28.57,316.64,22.22,66.67,40.0,60.0,1
1359504,Gujarat Titans,Lucknow Super Giants,Gujarat Titans,bat,"Bharat Ratna Shri Atal Bihari Vajpayee Ekana Cricket Stadium, Lucknow",Gujarat Titans,80.0,306.71,50.0,50.0,60.0,60.0,1
1359505,Punjab Kings,Mumbai Indians,Mumbai Indians,field,"Wankhede Stadium, Mumbai",Punjab Kings,50.0,346.38,50.0,55.56,40.0,60.0,0
1359506,Royal Challengers Bangalore,Rajasthan Royals,Rajasthan Royals,field,"M Chinnaswamy Stadium, Bengaluru",Royal Challengers Bangalore,55.56,380.14,42.86,50.0,40.0,60.0,0
1359507,Chennai Super Kings,Kolkata Knight Riders,Kolkata Knight Riders,field,"Eden Gardens, Kolkata",Chennai Super Kings,65.52,380.31,100.0,50.0,80.0,40.0,0
1359508,Delhi Capitals,Sunrisers Hyderabad,Delhi Capitals,bat,"Rajiv Gandhi International Stadium, Uppal, Hyderabad",Delhi Capitals,58.33,364.85,100.0,46.15,20.0,40.0,1
1359509,Gujarat Titans,Mumbai Indians,Mumbai Indians,field,"Narendra Modi Stadium, Ahmedabad",Gujarat Titans,60.0,339.58,56.25,50.0,60.0,60.0,0
1359510,Kolkata Knight Riders,Royal Challengers Bangalore,Royal Challengers Bangalore,field,"M Chinnaswamy Stadium, Bengaluru",Kolkata Knight Riders,56.25,380.14,100.0,42.86,20.0,60.0,0
1359511,Rajasthan Royals,Chennai Super Kings,Rajasthan Royals,bat,"Sawai Mansingh Stadium, Jaipur",Rajasthan Royals,44.83,342.1,50.0,50.0,60.0,80.0,1
1359512,Lucknow Super Giants,Punjab Kings,Punjab Kings,field,"Punjab Cricket Association IS Bindra Stadium, Mohali, Chandigarh",Lucknow Super Giants,75.0,371.2,100.0,20.0,60.0,40.0,0
1359513,Kolkata Knight Riders,Gujarat Titans,Gujarat Titans,field,"Eden Gardens, Kolkata",Gujarat Titans,33.33,380.31,50.0,100.0,20.0,60.0,1
1359514,Sunrisers Hyderabad,Delhi Capitals,Sunrisers Hyderabad,bat,"Arun Jaitley Stadium, Delhi",Sunrisers Hyderabad,41.67,380.69,50.0,50.0,40.0,40.0,1
1359515,Chennai Super Kings,Punjab Kings,Chennai Super Kings,bat,"MA Chidambaram Stadium, Chepauk, Chennai",Punjab Kings,28.57,316.64,66.67,75.0,60.0,40.0,0
1359516,Rajasthan Royals,Mumbai Indians,Rajasthan Royals,bat,"Wankhede Stadium, Mumbai",Mumbai Indians,48.28,346.38,50.0,55.56,60.0,60.0,0
1359517,Royal Challengers Bangalore,Lucknow Super Giants,Royal Challengers Bangalore,bat,"Bharat Ratna Shri Atal Bihari Vajpayee Ekana Cricket Stadium, Lucknow",Royal Challengers Bangalore,75.0,306.71,100.0,50.0,60.0,60.0,1
1359518,Delhi Capitals,Gujarat Titans,Delhi Capitals,bat,"Narendra Modi Stadium, Ahmedabad",Delhi Capitals,60.0,339.58,80.0,56.25,40.0,80.0,1
1359520,Punjab Kings,Mumbai Indians,Mumbai Indians,field,"Punjab Cricket Association IS Bindra Stadium, Mohali, Chandigarh",Mumbai Indians,50.0,371.2,20.0,100.0,60.0,60.0,1
1359521,Kolkata Knight Riders,Sunrisers Hyderabad,Kolkata Knight Riders,bat,"Rajiv Gandhi International Stadium, Uppal, Hyderabad",Kolkata Knight Riders,67.86,364.85,100.0,46.15,20.0,40.0,1
1359522,Rajasthan Royals,Gujarat Titans,Rajasthan Royals,bat,"Sawai Mansingh Stadium, Jaipur",Gujarat Titans,16.67,342.1,50.0,100.0,40.0,60.0,0
1359523,Mumbai Indians,Chennai Super Kings,Chennai Super Kings,field,"MA Chidambaram Stadium, Chepauk, Chennai",Chennai Super Kings,54.05,316.64,42.86,66.67,60.0,40.0,1
1359524,Royal Challengers Bangalore,Delhi Capitals,Royal Challengers Bangalore,bat,"Arun Jaitley Stadium, Delhi",Delhi Capitals,44.44,380.69,50.0,50.0,60.0,60.0,0
1359525,Gujarat Titans,Lucknow Super Giants,Lucknow Super Giants,field,"Narendra Modi Stadium, Ahmedabad",Gujarat Titans,80.0,339.58,56.25,50.0,80.0,40.0,0
1359526,Rajasthan Royals,Sunrisers Hyderabad,Rajasthan Royals,bat,"Sawai Mansingh Stadium, Jaipur",Sunrisers Hyderabad,45.0,342.1,50.0,100.0,20.0,20.0,0
1359527,Punjab Kings,Kolkata Knight Riders,Punjab Kings,bat,"Eden Gardens, Kolkata",Kolkata Knight Riders,50.0,380.31,50.0,50.0,40.0,40.0,0
1359528,Royal Challengers Bangalore,Mumbai Indians,Mumbai Indians,field,"Wankhede Stadium, Mumbai",Mumbai Indians,43.75,346.38,71.43,55.56,60.0,40.0,1
1359529,Chennai Super Kings,Delhi Capitals,Chennai Super Kings,bat,"MA Chidambaram Stadium, Chepauk, Chennai",Chennai Super Kings,58.33,316.64,66.67,66.67,40.0,80.0,1
1359530,Kolkata Knight Riders,Rajasthan Royals,Rajasthan Royals,field,"Eden Gardens, Kolkata",Rajasthan Royals,50.0,380.31,50.0,66.67,60.0,20.0,1
1359531,Mumbai Indians,Gujarat Titans,Gujarat Titans,field,"Wankhede Stadium, Mumbai",Mumbai Indians,40.0,346.38,55.56,60.0,60.0,80.0,0
1359532,Sunrisers Hyderabad,Lucknow Super Giants,Sunrisers Hyderabad,bat,"Rajiv Gandhi International Stadium, Uppal, Hyderabad",Lucknow Super Giants,25.0,364.85,46.15,50.0,40.0,20.0,0
1359533,Punjab Kings,Delhi Capitals,Delhi Capitals,field,"Arun Jaitley Stadium, Delhi",Punjab Kings,28.57,380.69,100.0,50.0,40.0,60.0,0
1359534,Royal Challengers Bangalore,Rajasthan Royals,Royal Challengers Bangalore,bat,"Sawai Mansingh Stadium, Jaipur",Royal Challengers Bangalore,55.56,342.1,100.0,50.0,40.0,40.0,1
1359535,Chennai Super Kings,Kolkata Knight Riders,Chennai Super Kings,bat,"MA Chidambaram Stadium, Chepauk, Chennai",Kolkata Knight Riders,65.52,316.64,66.67,50.0,40.0,60.0,0
1359536,Gujarat Titans,Sunrisers Hyderabad,Sunrisers Hyderabad,field,"Narendra Modi Stadium, Ahmedabad",Gujarat Titans,75.0,339.58,56.25,50.0,60.0,40.0,0
1359537,Lucknow Super Giants,Mumbai Indians,Mumbai Indians,field,"Bharat Ratna Shri Atal Bihari Vajpayee Ekana Cricket Stadium, Lucknow",Lucknow Super Giants,83.33,306.71,50.0,50.0,40.0,80.0,0
1359538,Delhi Capitals,Punjab Kings,Punjab Kings,field,"Himachal Pradesh Cricket Association Stadium, Dharamsala",Delhi Capitals,71.43,378.75,100.0,50.0,40.0,40.0,0
1359539,Sunrisers Hyderabad,Royal Challengers Bangalore,Royal Challengers Bangalore,field,"Rajiv Gandhi International Stadium, Uppal, Hyderabad",Royal Challengers Bangalore,54.55,364.85,46.15,100.0,40.0,40.0,1
1359540,Punjab Kings,Rajasthan Royals,Rajasthan Royals,field,"Himachal Pradesh Cricket Association Stadium, Dharamsala",Rajasthan Royals,42.86,378.75,50.0,100.0,40.0,20.0,1
1359541,Chennai Super Kings,Delhi Capitals,Chennai Super Kings,bat,"Arun Jaitley Stadium, Delhi",Chennai Super Kings,58.33,380.69,66.67,50.0,40.0,60.0,1
1359542,Lucknow Super Giants,Kolkata Knight Riders,Kolkata Knight Riders,field,"Eden Gardens, Kolkata",Lucknow Super Giants,60.0,380.31,33.33,50.0,40.0,60.0,0
1359543,Sunrisers Hyderabad,Mumbai Indians,Mumbai Indians,field,"Wankhede Stadium, Mumbai",Mumbai Indians,43.48,346.38,16.67,55.56,20.0,60.0,1
1359544,Royal Challengers Bangalore,Gujarat Titans,Gujarat Titans,field,"M Chinnaswamy Stadium, Bengaluru",Gujarat Titans,33.33,380.14,42.86,50.0,60.0,60.0,1
1370350,Chennai Super Kings,Gujarat Titans,Gujarat Titans,field,"MA Chidambaram Stadium, Chepauk, Chennai",Chennai Super Kings,42.86,316.64,66.67,50.0,60.0,80.0,0
1370351,Mumbai Indians,Lucknow Super Giants,Mumbai Indians,bat,"MA Chidambaram Stadium, Chepauk, Chennai",Mumbai Indians,16.67,316.64,42.86,33.33,60.0,60.0,1
1370352,Gujarat Titans,Mumbai Indians,Mumbai Indians,field,"Narendra Modi Stadium, Ahmedabad",Gujarat Titans,60.0,339.58,56.25,50.0,60.0,80.0,0
1370353,Gujarat Titans,Chennai Super Kings,Chennai Super Kings,field,"Narendra Modi Stadium, Ahmedabad",Chennai Super Kings,57.14,339.58,56.25,33.33,60.0,80.0,1
1422119,Royal Challengers Bengaluru,Chennai Super Kings,Royal Challengers Bengaluru,bat,"MA Chidambaram Stadium, Chepauk, Chennai",Chennai Super Kings,50.0,316.64,50.0,66.67,50.0,80.0,0
1422120,Delhi Capitals,Punjab Kings,Punjab Kings,field,"Maharaja Yadavindra Singh International Cricket Stadium, Mullanpur",Punjab Kings,71.43,335.0,50.0,20.0,40.0,20.0,1
1422121,Kolkata Knight Riders,Sunrisers Hyderabad,Sunrisers Hyderabad,field,"Eden Gardens, Kolkata",Kolkata Knight Riders,67.86,380.31,50.0,50.0,60.0,20.0,0
1422122,Rajasthan Royals,Lucknow Super Giants,Rajasthan Royals,bat,"Sawai Mansingh Stadium, Jaipur",Rajasthan Royals,80.0,342.1,50.0,50.0,40.0,60.0,1
1422123,Gujarat Titans,Mumbai Indians,Mumbai Indians,field,"Narendra Modi Stadium, Ahmedabad",Gujarat Titans,60.0,339.58,56.25,50.0,60.0,60.0,0
1422124,Punjab Kings,Royal Challengers Bengaluru,Royal Challengers Bengaluru,field,"M Chinnaswamy Stadium, Bengaluru",Royal Challengers Bengaluru,50.0,380.14,50.0,57.14,40.0,0.0,1
1422125,Chennai Super Kings,Gujarat Titans,Gujarat Titans,field,"MA Chidambaram Stadium, Chepauk, Chennai",Chennai Super Kings,42.86,316.64,66.67,50.0,80.0,60.0,0
1422126,Sunrisers Hyderabad,Mumbai Indians,Mumbai Indians,field,"Rajiv Gandhi International Stadium, Uppal, Hyderabad",Sunrisers Hyderabad,43.48,364.85,46.15,50.0,0.0,40.0,0
1422127,Rajasthan Royals,Delhi Capitals,Delhi Capitals,field,"Sawai Mansingh Stadium, Jaipur",Rajasthan Royals,36.36,342.1,50.0,50.0,60.0,20.0,0
1422128,Royal Challengers Bengaluru,Kolkata Knight Riders,Kolkata Knight Riders,field,"M Chinnaswamy Stadium, Bengaluru",Kolkata Knight Riders,50.0,380.14,57.14,100.0,50.0,60.0,1
1422129,Lucknow Super Giants,Punjab Kings,Lucknow Super Giants,bat,"Bharat Ratna Shri Atal Bihari Vajpayee Ekana Cricket Stadium, Lucknow",Lucknow Super Giants,75.0,306.71,50.0,50.0,60.0,40.0,1
1422130,Sunrisers Hyderabad,Gujarat Titans,Sunrisers Hyderabad,bat,"Narendra Modi Stadium, Ahmedabad",Gujarat Titans,25.0,339.58,50.0,56.25,20.0,40.0,0
1422131,Delhi Capitals,Chennai Super Kings,Delhi Capitals,bat,"Dr. Y.S. Rajasekhara Reddy ACA-VDCA Cricket Stadium, Visakhapatnam",Delhi Capitals,41.67,400.0,50.0,50.0,20.0,100.0,1
1422132,Mumbai Indians,Rajasthan Royals,Rajasthan Royals,field,"Wankhede Stadium, Mumbai",Rajasthan Royals,51.72,346.38,55.56,50.0,40.0,80.0,1
1422133,Lucknow Super Giants,Royal Challengers Bengaluru,Royal Challengers Bengaluru,field,"M Chinnaswamy Stadium, Bengaluru",Lucknow Super Giants,100.0,380.14,100.0,57.14,60.0,33.33,0
1422134,Kolkata Knight Riders,Delhi Capitals,Kolkata Knight Riders,bat,"Dr. Y.S. Rajasekhara Reddy ACA-VDCA Cricket Stadium, Visakhapatnam",Kolkata Knight Riders,41.67,400.0,100.0,50.0,60.0,40.0,1
1422135,Gujarat Titans,Punjab Kings,Punjab Kings,field,"Narendra Modi Stadium, Ahmedabad",Punjab Kings,60.0,339.58,56.25,50.0,60.0,20.0,1
1422136,Chennai Super Kings,Sunrisers Hyderabad,Sunrisers Hyderabad,field,"Rajiv Gandhi International Stadium, Uppal, Hyderabad",Sunrisers Hyderabad,71.43,364.85,50.0,46.15,80.0,20.0,1
1422137,Royal Challengers Bengaluru,Rajasthan Royals,Rajasthan Royals,field,"Sawai Mansingh Stadium, Jaipur",Rajasthan Royals,50.0,342.1,50.0,50.0,25.0,80.0,1
1422138,Mumbai Indians,Delhi Capitals,Delhi Capitals,field,"Wankhede Stadium, Mumbai",Mumbai Indians,61.54,346.38,55.56,33.33,20.0,20.0,0
1422139,Lucknow Super Giants,Gujarat Titans,Lucknow Super Giants,bat,"Bharat Ratna Shri Atal Bihari Vajpayee Ekana Cricket Stadium, Lucknow",Lucknow Super Giants,20.0,306.71,50.0,50.0,60.0,40.0,1
1426260,Kolkata Knight Riders,Chennai Super Kings,Chennai Super Kings,field,"MA Chidambaram Stadium, Chepauk, Chennai",Chennai Super Kings,34.48,316.64,50.0,66.67,80.0,60.0,1
1426261,Sunrisers Hyderabad,Punjab Kings,Punjab Kings,field,"Maharaja Yadavindra Singh International Cricket Stadium, Mullanpur",Sunrisers Hyderabad,71.43,335.0,100.0,20.0,40.0,40.0,0
1426262,Rajasthan Royals,Gujarat Titans,Gujarat Titans,field,"Sawai Mansingh Stadium, Jaipur",Gujarat Titans,16.67,342.1,50.0,100.0,100.0,40.0,1
1426263,Royal Challengers Bengaluru,Mumbai Indians,Mumbai Indians,field,"Wankhede Stadium, Mumbai",Mumbai Indians,50.0,346.38,50.0,55.56,20.0,20.0,1
1426264,Lucknow Super Giants,Delhi Capitals,Lucknow Super Giants,bat,"Bharat Ratna Shri Atal Bihari Vajpayee Ekana Cricket Stadium, Lucknow",Delhi Capitals,60.0,306.71,50.0,50.0,60.0,20.0,0
1426265,Punjab Kings,Rajasthan Royals,Rajasthan Royals,field,"Maharaja Yadavindra Singh International Cricket Stadium, Mullanpur",Rajasthan Royals,42.86,335.0,20.0,100.0,40.0,80.0,1
1426266,Lucknow Super Giants,Kolkata Knight Riders,Kolkata Knight Riders,field,"Eden Gardens, Kolkata",Kolkata Knight Riders,60.0,380.31,33.33,50.0,60.0,60.0,1
1426267,Chennai Super Kings,Mumbai Indians,Mumbai Indians,field,"Wankhede Stadium, Mumbai",Chennai Super Kings,45.95,346.38,54.55,55.56,60.0,40.0,0
1426268,Sunrisers Hyderabad,Royal Challengers Bengaluru,Royal Challengers Bengaluru,field,"M Chinnaswamy Stadium, Bengaluru",Sunrisers Hyderabad,50.0,380.14,100.0,57.14,60.0,20.0,0
1426269,Kolkata Knight Riders,Rajasthan Royals,Rajasthan Royals,field,"Eden Gardens, Kolkata",Rajasthan Royals,50.0,380.31,50.0,66.67,80.0,80.0,1
1426270,Gujarat Titans,Delhi Capitals,Delhi Capitals,field,"Narendra Modi Stadium, Ahmedabad",Delhi Capitals,40.0,339.58,56.25,80.0,40.0,40.0,1
1426271,Mumbai Indians,Punjab Kings,Punjab Kings,field,"Maharaja Yadavindra Singh International Cricket Stadium, Mullanpur",Mumbai Indians,50.0,335.0,100.0,20.0,40.0,20.0,0
1426272,Chennai Super Kings,Lucknow Super Giants,Lucknow Super Giants,field,"Bharat Ratna Shri Atal Bihari Vajpayee Ekana Cricket Stadium, Lucknow",Lucknow Super Giants,25.0,306.71,50.0,50.0,60.0,60.0,1
1426273,Sunrisers Hyderabad,Delhi Capitals,Delhi Capitals,field,"Arun Jaitley Stadium, Delhi",Sunrisers Hyderabad,41.67,380.69,50.0,50.0,80.0,60.0,0
1426274,Kolkata Knight Riders,Royal Challengers Bengaluru,Royal Challengers Bengaluru,field,"Eden Gardens, Kolkata",Kolkata Knight Riders,100.0,380.31,50.0,50.0,60.0,0.0,0
1426275,Punjab Kings,Gujarat Titans,Punjab Kings,bat,"Maharaja Yadavindra Singh International Cricket Stadium, Mullanpur",Gujarat Titans,40.0,335.0,20.0,100.0,20.0,40.0,0
1426276,Mumbai Indians,Rajasthan Royals,Mumbai Indians,bat,"Sawai Mansingh Stadium, Jaipur",Rajasthan Royals,51.72,342.1,50.0,50.0,60.0,80.0,0
1426277,Chennai Super Kings,Lucknow Super Giants,Lucknow Super Giants,field,"MA Chidambaram Stadium, Chepauk, Chennai",Lucknow Super Giants,25.0,316.64,66.67,33.33,40.0,60.0,1
1426278,Delhi Capitals,Gujarat Titans,Gujarat Titans,field,"Arun Jaitley Stadium, Delhi",Delhi Capitals,60.0,380.69,50.0,50.0,40.0,40.0,0
1426279,Royal Challengers Bengaluru,Sunrisers Hyderabad,Royal Challengers Bengaluru,bat,"Rajiv Gandhi International Stadium, Uppal, Hyderabad",Royal Challengers Bengaluru,50.0,364.85,100.0,46.15,0.0,80.0,1
1426280,Kolkata Knight Riders,Punjab Kings,Punjab Kings,field,"Eden Gardens, Kolkata",Punjab Kings,50.0,380.31,50.0,50.0,60.0,20.0,1
1426281,Delhi Capitals,Mumbai Indians,Mumbai Indians,field,"Arun Jaitley Stadium, Delhi",Delhi Capitals,38.46,380.69,50.0,75.0,60.0,60.0,0
1426282,Lucknow Super Giants,Rajasthan Royals,Rajasthan Royals,field,"Bharat Ratna Shri Atal Bihari Vajpayee Ekana Cricket Stadium, Lucknow",Rajasthan Royals,20.0,306.71,50.0,100.0,60.0,80.0,1
1426283,Gujarat Titans,Royal Challengers Bengaluru,Royal Challengers Bengaluru,field,"Narendra Modi Stadium, Ahmedabad",Royal Challengers Bengaluru,50.0,339.58,56.25,50.0,40.0,20.0,1
1426284,Chennai Super Kings,Sunrisers Hyderabad,Sunrisers Hyderabad,field,"MA Chidambaram Stadium, Chepauk, Chennai",Chennai Super Kings,71.43,316.64,66.67,22.22,40.0,80.0,0
1426285,Delhi Capitals,Kolkata Knight Riders,Delhi Capitals,bat,"Eden Gardens, Kolkata",Kolkata Knight Riders,58.33,380.31,50.0,50.0,80.0,40.0,0
1426286,Mumbai Indians,Lucknow Super Giants,Lucknow Super Giants,field,"Bharat Ratna Shri Atal Bihari Vajpayee Ekana Cricket Stadium, Lucknow",Lucknow Super Giants,16.67,306.71,50.0,50.0,40.0,40.0,1
1426287,Chennai Super Kings,Punjab Kings,Punjab Kings,field,"MA Chidambaram Stadium, Chepauk, Chennai",Punjab Kings,28.57,316.64,66.67,75.0,60.0,20.0,1
1426288,Sunrisers Hyderabad,Rajasthan Royals,Sunrisers Hyderabad,bat,"Rajiv Gandhi International Stadium, Uppal, Hyderabad",Sunrisers Hyderabad,55.0,364.85,46.15,50.0,60.0,80.0,1
1426289,Kolkata Knight Riders,Mumbai Indians,Mumbai Indians,field,"Wankhede Stadium, Mumbai",Kolkata Knight Riders,32.35,346.38,50.0,55.56,60.0,20.0,0
1426290,Gujarat Titans,Royal Challengers Bengaluru,Royal Challengers Bengaluru,field,"M Chinnaswamy Stadium, Bengaluru",Royal Challengers Bengaluru,50.0,380.14,50.0,57.14,40.0,40.0,1
1426291,Chennai Super Kings,Punjab Kings,Punjab Kings,field,"Himachal Pradesh Cricket Association Stadium, Dharamsala",Chennai Super Kings,28.57,378.75,100.0,50.0,40.0,40.0,0
1426292,Kolkata Knight Riders,Lucknow Super Giants,Lucknow Super Giants,field,"Bharat Ratna Shri Atal Bihari Vajpayee Ekana Cricket Stadium, Lucknow",Kolkata Knight Riders,40.0,306.71,100.0,50.0,60.0,60.0,0
1426293,Sunrisers Hyderabad,Mumbai Indians,Mumbai Indians,field,"Wankhede Stadium, Mumbai",Mumbai Indians,43.48,346.38,16.67,55.56,60.0,20.0,1
1426294,Delhi Capitals,Rajasthan Royals,Rajasthan Royals,field,"Arun Jaitley Stadium, Delhi",Delhi Capitals,63.64,380.69,50.0,33.33,60.0,80.0,0
1426295,Lucknow Super Giants,Sunrisers Hyderabad,Lucknow Super Giants,bat,"Rajiv Gandhi International Stadium, Uppal, Hyderabad",Sunrisers Hyderabad,75.0,364.85,50.0,46.15,60.0,40.0,0
1426296,Royal Challengers Bengaluru,Punjab Kings,Punjab Kings,field,"Himachal Pradesh Cricket Association Stadium, Dharamsala",Royal Challengers Bengaluru,100.0,378.75,100.0,50.0,60.0,40.0,0
1426297,Gujarat Titans,Chennai Super Kings,Chennai Super Kings,field,"Narendra Modi Stadium, Ahmedabad",Gujarat Titans,57.14,339.58,56.25,33.33,20.0,40.0,0
1426298,Kolkata Knight Riders,Mumbai Indians,Mumbai Indians,field,"Eden Gardens, Kolkata",Kolkata Knight Riders,32.35,380.31,50.0,50.0,80.0,20.0,0
1426299,Rajasthan Royals,Chennai Super Kings,Rajasthan Royals,bat,"MA Chidambaram Stadium, Chepauk, Chennai",Chennai Super Kings,44.83,316.64,33.33,66.67,60.0,40.0,0
1426300,Royal Challengers Bengaluru,Delhi Capitals,Delhi Capitals,field,"M Chinnaswamy Stadium, Bengaluru",Royal Challengers Bengaluru,100.0,380.14,57.14,50.0,80.0,60.0,0
1426302,Delhi Capitals,Lucknow Super Giants,Lucknow Super Giants,field,"Arun Jaitley Stadium, Delhi",Delhi Capitals,40.0,380.69,50.0,50.0,60.0,40.0,0
1426303,Rajasthan Royals,Punjab Kings,Rajasthan Royals,bat,"Barsapara Cricket Stadium, Guwahati",Punjab Kings,57.14,339.67,33.33,100.0,40.0,40.0,0
1426305,Lucknow Super Giants,Mumbai Indians,Mumbai Indians,field,"Wankhede Stadium, Mumbai",Lucknow Super Giants,83.33,346.38,60.0,55.56,20.0,20.0,0
1426306,Royal Challengers Bengaluru,Chennai Super Kings,Chennai Super Kings,field,"M Chinnaswamy Stadium, Bengaluru",Royal Challengers Bengaluru,50.0,380.14,57.14,50.0,100.0,60.0,0
1426307,Punjab Kings,Sunrisers Hyderabad,Punjab Kings,bat,"Rajiv Gandhi International Stadium, Uppal, Hyderabad",Sunrisers Hyderabad,28.57,364.85,50.0,46.15,60.0,40.0,0
1426309,Sunrisers Hyderabad,Kolkata Knight Riders,Sunrisers Hyderabad,bat,"Narendra Modi Stadium, Ahmedabad",Kolkata Knight Riders,32.14,339.58,50.0,75.0,60.0,80.0,0
1426310,Royal Challengers Bengaluru,Rajasthan Royals,Rajasthan Royals,field,"Narendra Modi Stadium, Ahmedabad",Rajasthan Royals,50.0,339.58,50.0,75.0,100.0,20.0,1
1426311,Sunrisers Hyderabad,Rajasthan Royals,Rajasthan Royals,field,"MA Chidambaram Stadium, Chepauk, Chennai",Sunrisers Hyderabad,55.0,316.64,22.22,33.33,60.0,20.0,0
1426312,Sunrisers Hyderabad,Kolkata Knight Riders,Sunrisers Hyderabad,bat,"MA Chidambaram Stadium, Chepauk, Chennai",Kolkata Knight Riders,32.14,316.64,22.22,50.0,60.0,100.0,0
